[2026-07-09 14:08:45] production.ERROR: syntax error, unexpected token "\", expecting "]" {"exception":"[object] (ParseError(code: 0): syntax error, unexpected token \"\\\", expecting \"]\" at D:/Guised Up/backend/laravel/config/app.php:10)
[stacktrace]
#0 D:/Guised Up/backend/laravel/vendor/laravel/framework/src/Illuminate/Foundation/Bootstrap/LoadConfiguration.php(97): Illuminate/Foundation/Bootstrap/LoadConfiguration->Illuminate/Foundation/Bootstrap/{closure}()
#1 D:/Guised Up/backend/laravel/vendor/laravel/framework/src/Illuminate/Foundation/Bootstrap/LoadConfiguration.php(78): Illuminate/Foundation/Bootstrap/LoadConfiguration->loadConfigurationFile(Object(Illuminate/Config/Repository), 'app', 'D://Guised Up//ba...', Array)
#2 D:/Guised Up/backend/laravel/vendor/laravel/framework/src/Illuminate/Foundation/Bootstrap/LoadConfiguration.php(39): Illuminate/Foundation/Bootstrap/LoadConfiguration->loadConfigurationFiles(Object(Illuminate/Foundation/Application), Object(Illuminate/Config/Repository))
#3 D:/Guised Up/backend/laravel/vendor/laravel/framework/src/Illuminate/Foundation/Application.php(342): Illuminate/Foundation/Bootstrap/LoadConfiguration->bootstrap(Object(Illuminate/Foundation/Application))
#4 D:/Guised Up/backend/laravel/vendor/laravel/framework/src/Illuminate/Foundation/Console/Kernel.php(474): Illuminate/Foundation/Application->bootstrapWith(Array)
#5 D:/Guised Up/backend/laravel/vendor/laravel/framework/src/Illuminate/Foundation/Console/Kernel.php(196): Illuminate/Foundation/Console/Kernel->bootstrap()
#6 D:/Guised Up/backend/laravel/artisan(10): Illuminate/Foundation/Console/Kernel->handle(Object(Symfony/Component/Console/Input/ArgvInput), Object(Symfony/Component/Console/Output/ConsoleOutput))
#7 {main}
"} 
[2026-07-09 14:09:07] production.ERROR: The D:\Guised Up\backend\laravel\bootstrap\cache directory must be present and writable. {"exception":"[object] (Exception(code: 0): The D:\\Guised Up\\backend\\laravel\\bootstrap\\cache directory must be present and writable. at D:/Guised Up/backend/laravel/vendor/laravel/framework/src/Illuminate/Foundation/PackageManifest.php:179)
[stacktrace]
#0 D:/Guised Up/backend/laravel/vendor/laravel/framework/src/Illuminate/Foundation/PackageManifest.php(132): Illuminate/Foundation/PackageManifest->write(Array)
#1 D:/Guised Up/backend/laravel/vendor/laravel/framework/src/Illuminate/Foundation/PackageManifest.php(108): Illuminate/Foundation/PackageManifest->build()
#2 D:/Guised Up/backend/laravel/vendor/laravel/framework/src/Illuminate/Foundation/PackageManifest.php(91): Illuminate/Foundation/PackageManifest->getManifest()
#3 D:/Guised Up/backend/laravel/vendor/laravel/framework/src/Illuminate/Foundation/PackageManifest.php(80): Illuminate/Foundation/PackageManifest->config('aliases')
#4 D:/Guised Up/backend/laravel/vendor/laravel/framework/src/Illuminate/Foundation/Bootstrap/RegisterFacades.php(26): Illuminate/Foundation/PackageManifest->aliases()
#5 D:/Guised Up/backend/laravel/vendor/laravel/framework/src/Illuminate/Foundation/Application.php(342): Illuminate/Foundation/Bootstrap/RegisterFacades->bootstrap(Object(Illuminate/Foundation/Application))
#6 D:/Guised Up/backend/laravel/vendor/laravel/framework/src/Illuminate/Foundation/Console/Kernel.php(474): Illuminate/Foundation/Application->bootstrapWith(Array)
#7 D:/Guised Up/backend/laravel/vendor/laravel/framework/src/Illuminate/Foundation/Console/Kernel.php(196): Illuminate/Foundation/Console/Kernel->bootstrap()
#8 D:/Guised Up/backend/laravel/artisan(10): Illuminate/Foundation/Console/Kernel->handle(Object(Symfony/Component/Console/Input/ArgvInput), Object(Symfony/Component/Console/Output/ConsoleOutput))
#9 {main}
"} 
[2026-07-09 14:09:16] production.ERROR: file_get_contents(D:\Guised Up\backend\laravel\.env): Failed to open stream: No such file or directory {"exception":"[object] (ErrorException(code: 0): file_get_contents(D:\\Guised Up\\backend\\laravel\\.env): Failed to open stream: No such file or directory at D:/Guised Up/backend/laravel/vendor/laravel/framework/src/Illuminate/Foundation/Console/KeyGenerateCommand.php:100)
[stacktrace]
#0 D:/Guised Up/backend/laravel/vendor/laravel/framework/src/Illuminate/Foundation/Bootstrap/HandleExceptions.php(258): Illuminate/Foundation/Bootstrap/HandleExceptions->handleError(2, 'file_get_conten...', 'D://Guised Up//ba...', 100)
#1 [internal function]: Illuminate/Foundation/Bootstrap/HandleExceptions->Illuminate/Foundation/Bootstrap/{closure}(2, 'file_get_conten...', 'D://Guised Up//ba...', 100)
#2 D:/Guised Up/backend/laravel/vendor/laravel/framework/src/Illuminate/Foundation/Console/KeyGenerateCommand.php(100): file_get_contents('D://Guised Up//ba...')
#3 D:/Guised Up/backend/laravel/vendor/laravel/framework/src/Illuminate/Foundation/Console/KeyGenerateCommand.php(82): Illuminate/Foundation/Console/KeyGenerateCommand->writeNewEnvironmentFileWith('base64:WRqcLCg4...')
#4 D:/Guised Up/backend/laravel/vendor/laravel/framework/src/Illuminate/Foundation/Console/KeyGenerateCommand.php(47): Illuminate/Foundation/Console/KeyGenerateCommand->setKeyInEnvironmentFile('base64:WRqcLCg4...')
#5 D:/Guised Up/backend/laravel/vendor/laravel/framework/src/Illuminate/Container/BoundMethod.php(36): Illuminate/Foundation/Console/KeyGenerateCommand->handle()
#6 D:/Guised Up/backend/laravel/vendor/laravel/framework/src/Illuminate/Container/Util.php(43): Illuminate/Container/BoundMethod::Illuminate/Container/{closure}()
#7 D:/Guised Up/backend/laravel/vendor/laravel/framework/src/Illuminate/Container/BoundMethod.php(95): Illuminate/Container/Util::unwrapIfClosure(Object(Closure))
#8 D:/Guised Up/backend/laravel/vendor/laravel/framework/src/Illuminate/Container/BoundMethod.php(35): Illuminate/Container/BoundMethod::callBoundMethod(Object(Illuminate/Foundation/Application), Array, Object(Closure))
#9 D:/Guised Up/backend/laravel/vendor/laravel/framework/src/Illuminate/Container/Container.php(696): Illuminate/Container/BoundMethod::call(Object(Illuminate/Foundation/Application), Array, Array, NULL)
#10 D:/Guised Up/backend/laravel/vendor/laravel/framework/src/Illuminate/Console/Command.php(213): Illuminate/Container/Container->call(Array)
#11 D:/Guised Up/backend/laravel/vendor/symfony/console/Command/Command.php(341): Illuminate/Console/Command->execute(Object(Symfony/Component/Console/Input/ArgvInput), Object(Illuminate/Console/OutputStyle))
#12 D:/Guised Up/backend/laravel/vendor/laravel/framework/src/Illuminate/Console/Command.php(182): Symfony/Component/Console/Command/Command->run(Object(Symfony/Component/Console/Input/ArgvInput), Object(Illuminate/Console/OutputStyle))
#13 D:/Guised Up/backend/laravel/vendor/symfony/console/Application.php(1117): Illuminate/Console/Command->run(Object(Symfony/Component/Console/Input/ArgvInput), Object(Symfony/Component/Console/Output/ConsoleOutput))
#14 D:/Guised Up/backend/laravel/vendor/symfony/console/Application.php(356): Symfony/Component/Console/Application->doRunCommand(Object(Illuminate/Foundation/Console/KeyGenerateCommand), Object(Symfony/Component/Console/Input/ArgvInput), Object(Symfony/Component/Console/Output/ConsoleOutput))
#15 D:/Guised Up/backend/laravel/vendor/symfony/console/Application.php(195): Symfony/Component/Console/Application->doRun(Object(Symfony/Component/Console/Input/ArgvInput), Object(Symfony/Component/Console/Output/ConsoleOutput))
#16 D:/Guised Up/backend/laravel/vendor/laravel/framework/src/Illuminate/Foundation/Console/Kernel.php(198): Symfony/Component/Console/Application->run(Object(Symfony/Component/Console/Input/ArgvInput), Object(Symfony/Component/Console/Output/ConsoleOutput))
#17 D:/Guised Up/backend/laravel/artisan(10): Illuminate/Foundation/Console/Kernel->handle(Object(Symfony/Component/Console/Input/ArgvInput), Object(Symfony/Component/Console/Output/ConsoleOutput))
#18 {main}
"} 
[2026-07-09 14:09:53] local.ERROR: SQLSTATE[08006] [7] connection to server at "127.0.0.1", port 5432 failed: Connection refused (0x0000274D/10061)
	Is the server running on that host and accepting TCP/IP connections? (Connection: pgsql, SQL: select exists (select 1 from pg_class c, pg_namespace n where n.nspname = 'public' and c.relname = 'migrations' and c.relkind in ('r', 'p') and n.oid = c.relnamespace)) {"exception":"[object] (Illuminate\\Database\\QueryException(code: 7): SQLSTATE[08006] [7] connection to server at \"127.0.0.1\", port 5432 failed: Connection refused (0x0000274D/10061)
\tIs the server running on that host and accepting TCP/IP connections? (Connection: pgsql, SQL: select exists (select 1 from pg_class c, pg_namespace n where n.nspname = 'public' and c.relname = 'migrations' and c.relkind in ('r', 'p') and n.oid = c.relnamespace)) at D:/Guised Up/backend/laravel/vendor/laravel/framework/src/Illuminate/Database/Connection.php:825)
[stacktrace]
#0 D:/Guised Up/backend/laravel/vendor/laravel/framework/src/Illuminate/Database/Connection.php(779): Illuminate/Database/Connection->runQueryCallback('select exists (...', Array, Object(Closure))
#1 D:/Guised Up/backend/laravel/vendor/laravel/framework/src/Illuminate/Database/Connection.php(398): Illuminate/Database/Connection->run('select exists (...', Array, Object(Closure))
#2 D:/Guised Up/backend/laravel/vendor/laravel/framework/src/Illuminate/Database/Connection.php(344): Illuminate/Database/Connection->select('select exists (...', Array, true)
#3 D:/Guised Up/backend/laravel/vendor/laravel/framework/src/Illuminate/Database/Connection.php(361): Illuminate/Database/Connection->selectOne('select exists (...', Array, true)
#4 D:/Guised Up/backend/laravel/vendor/laravel/framework/src/Illuminate/Database/Schema/PostgresBuilder.php(52): Illuminate/Database/Connection->scalar('select exists (...')
#5 D:/Guised Up/backend/laravel/vendor/laravel/framework/src/Illuminate/Database/Migrations/DatabaseMigrationRepository.php(184): Illuminate/Database/Schema/PostgresBuilder->hasTable('migrations')
#6 D:/Guised Up/backend/laravel/vendor/laravel/framework/src/Illuminate/Database/Migrations/Migrator.php(742): Illuminate/Database/Migrations/DatabaseMigrationRepository->repositoryExists()
#7 D:/Guised Up/backend/laravel/vendor/laravel/framework/src/Illuminate/Database/Console/Migrations/MigrateCommand.php(165): Illuminate/Database/Migrations/Migrator->repositoryExists()
#8 D:/Guised Up/backend/laravel/vendor/laravel/framework/src/Illuminate/Support/helpers.php(338): Illuminate/Database/Console/Migrations/MigrateCommand->Illuminate/Database/Console/Migrations/{closure}(1)
#9 D:/Guised Up/backend/laravel/vendor/laravel/framework/src/Illuminate/Database/Console/Migrations/MigrateCommand.php(165): retry(1, Object(Closure), 0, Object(Closure))
#10 D:/Guised Up/backend/laravel/vendor/laravel/framework/src/Illuminate/Database/Console/Migrations/MigrateCommand.php(141): Illuminate/Database/Console/Migrations/MigrateCommand->repositoryExists()
#11 D:/Guised Up/backend/laravel/vendor/laravel/framework/src/Illuminate/Database/Console/Migrations/MigrateCommand.php(111): Illuminate/Database/Console/Migrations/MigrateCommand->prepareDatabase()
#12 D:/Guised Up/backend/laravel/vendor/laravel/framework/src/Illuminate/Database/Migrations/Migrator.php(658): Illuminate/Database/Console/Migrations/MigrateCommand->Illuminate/Database/Console/Migrations/{closure}()
#13 D:/Guised Up/backend/laravel/vendor/laravel/framework/src/Illuminate/Database/Console/Migrations/MigrateCommand.php(110): Illuminate/Database/Migrations/Migrator->usingConnection(NULL, Object(Closure))
#14 D:/Guised Up/backend/laravel/vendor/laravel/framework/src/Illuminate/Database/Console/Migrations/MigrateCommand.php(89): Illuminate/Database/Console/Migrations/MigrateCommand->runMigrations()
#15 D:/Guised Up/backend/laravel/vendor/laravel/framework/src/Illuminate/Container/BoundMethod.php(36): Illuminate/Database/Console/Migrations/MigrateCommand->handle()
#16 D:/Guised Up/backend/laravel/vendor/laravel/framework/src/Illuminate/Container/Util.php(43): Illuminate/Container/BoundMethod::Illuminate/Container/{closure}()
#17 D:/Guised Up/backend/laravel/vendor/laravel/framework/src/Illuminate/Container/BoundMethod.php(95): Illuminate/Container/Util::unwrapIfClosure(Object(Closure))
#18 D:/Guised Up/backend/laravel/vendor/laravel/framework/src/Illuminate/Container/BoundMethod.php(35): Illuminate/Container/BoundMethod::callBoundMethod(Object(Illuminate/Foundation/Application), Array, Object(Closure))
#19 D:/Guised Up/backend/laravel/vendor/laravel/framework/src/Illuminate/Container/Container.php(696): Illuminate/Container/BoundMethod::call(Object(Illuminate/Foundation/Application), Array, Array, NULL)
#20 D:/Guised Up/backend/laravel/vendor/laravel/framework/src/Illuminate/Console/Command.php(213): Illuminate/Container/Container->call(Array)
#21 D:/Guised Up/backend/laravel/vendor/symfony/console/Command/Command.php(341): Illuminate/Console/Command->execute(Object(Symfony/Component/Console/Input/ArgvInput), Object(Illuminate/Console/OutputStyle))
#22 D:/Guised Up/backend/laravel/vendor/laravel/framework/src/Illuminate/Console/Command.php(182): Symfony/Component/Console/Command/Command->run(Object(Symfony/Component/Console/Input/ArgvInput), Object(Illuminate/Console/OutputStyle))
#23 D:/Guised Up/backend/laravel/vendor/symfony/console/Application.php(1117): Illuminate/Console/Command->run(Object(Symfony/Component/Console/Input/ArgvInput), Object(Symfony/Component/Console/Output/ConsoleOutput))
#24 D:/Guised Up/backend/laravel/vendor/symfony/console/Application.php(356): Symfony/Component/Console/Application->doRunCommand(Object(Illuminate/Database/Console/Migrations/MigrateCommand), Object(Symfony/Component/Console/Input/ArgvInput), Object(Symfony/Component/Console/Output/ConsoleOutput))
#25 D:/Guised Up/backend/laravel/vendor/symfony/console/Application.php(195): Symfony/Component/Console/Application->doRun(Object(Symfony/Component/Console/Input/ArgvInput), Object(Symfony/Component/Console/Output/ConsoleOutput))
#26 D:/Guised Up/backend/laravel/vendor/laravel/framework/src/Illuminate/Foundation/Console/Kernel.php(198): Symfony/Component/Console/Application->run(Object(Symfony/Component/Console/Input/ArgvInput), Object(Symfony/Component/Console/Output/ConsoleOutput))
#27 D:/Guised Up/backend/laravel/artisan(10): Illuminate/Foundation/Console/Kernel->handle(Object(Symfony/Component/Console/Input/ArgvInput), Object(Symfony/Component/Console/Output/ConsoleOutput))
#28 {main}

[previous exception] [object] (PDOException(code: 7): SQLSTATE[08006] [7] connection to server at \"127.0.0.1\", port 5432 failed: Connection refused (0x0000274D/10061)
\tIs the server running on that host and accepting TCP/IP connections? at D:/Guised Up/backend/laravel/vendor/laravel/framework/src/Illuminate/Database/Connectors/Connector.php:66)
[stacktrace]
#0 D:/Guised Up/backend/laravel/vendor/laravel/framework/src/Illuminate/Database/Connectors/Connector.php(66): PDO->__construct('pgsql:host=127....', 'postgres', Object(SensitiveParameterValue), Array)
#1 D:/Guised Up/backend/laravel/vendor/laravel/framework/src/Illuminate/Database/Connectors/Connector.php(44): Illuminate/Database/Connectors/Connector->createPdoConnection('pgsql:host=127....', 'postgres', Object(SensitiveParameterValue), Array)
#2 D:/Guised Up/backend/laravel/vendor/laravel/framework/src/Illuminate/Database/Connectors/PostgresConnector.php(35): Illuminate/Database/Connectors/Connector->createConnection('pgsql:host=127....', Array, Array)
#3 D:/Guised Up/backend/laravel/vendor/laravel/framework/src/Illuminate/Database/Connectors/ConnectionFactory.php(185): Illuminate/Database/Connectors/PostgresConnector->connect(Array)
#4 [internal function]: Illuminate/Database/Connectors/ConnectionFactory->Illuminate/Database/Connectors/{closure}()
#5 D:/Guised Up/backend/laravel/vendor/laravel/framework/src/Illuminate/Database/Connection.php(1231): call_user_func(Object(Closure))
#6 D:/Guised Up/backend/laravel/vendor/laravel/framework/src/Illuminate/Database/Connection.php(1267): Illuminate/Database/Connection->getPdo()
#7 D:/Guised Up/backend/laravel/vendor/laravel/framework/src/Illuminate/Database/Connection.php(512): Illuminate/Database/Connection->getReadPdo()
#8 D:/Guised Up/backend/laravel/vendor/laravel/framework/src/Illuminate/Database/Connection.php(407): Illuminate/Database/Connection->getPdoForSelect(true)
#9 D:/Guised Up/backend/laravel/vendor/laravel/framework/src/Illuminate/Database/Connection.php(812): Illuminate/Database/Connection->Illuminate/Database/{closure}('select exists (...', Array)
#10 D:/Guised Up/backend/laravel/vendor/laravel/framework/src/Illuminate/Database/Connection.php(779): Illuminate/Database/Connection->runQueryCallback('select exists (...', Array, Object(Closure))
#11 D:/Guised Up/backend/laravel/vendor/laravel/framework/src/Illuminate/Database/Connection.php(398): Illuminate/Database/Connection->run('select exists (...', Array, Object(Closure))
#12 D:/Guised Up/backend/laravel/vendor/laravel/framework/src/Illuminate/Database/Connection.php(344): Illuminate/Database/Connection->select('select exists (...', Array, true)
#13 D:/Guised Up/backend/laravel/vendor/laravel/framework/src/Illuminate/Database/Connection.php(361): Illuminate/Database/Connection->selectOne('select exists (...', Array, true)
#14 D:/Guised Up/backend/laravel/vendor/laravel/framework/src/Illuminate/Database/Schema/PostgresBuilder.php(52): Illuminate/Database/Connection->scalar('select exists (...')
#15 D:/Guised Up/backend/laravel/vendor/laravel/framework/src/Illuminate/Database/Migrations/DatabaseMigrationRepository.php(184): Illuminate/Database/Schema/PostgresBuilder->hasTable('migrations')
#16 D:/Guised Up/backend/laravel/vendor/laravel/framework/src/Illuminate/Database/Migrations/Migrator.php(742): Illuminate/Database/Migrations/DatabaseMigrationRepository->repositoryExists()
#17 D:/Guised Up/backend/laravel/vendor/laravel/framework/src/Illuminate/Database/Console/Migrations/MigrateCommand.php(165): Illuminate/Database/Migrations/Migrator->repositoryExists()
#18 D:/Guised Up/backend/laravel/vendor/laravel/framework/src/Illuminate/Support/helpers.php(338): Illuminate/Database/Console/Migrations/MigrateCommand->Illuminate/Database/Console/Migrations/{closure}(1)
#19 D:/Guised Up/backend/laravel/vendor/laravel/framework/src/Illuminate/Database/Console/Migrations/MigrateCommand.php(165): retry(1, Object(Closure), 0, Object(Closure))
#20 D:/Guised Up/backend/laravel/vendor/laravel/framework/src/Illuminate/Database/Console/Migrations/MigrateCommand.php(141): Illuminate/Database/Console/Migrations/MigrateCommand->repositoryExists()
#21 D:/Guised Up/backend/laravel/vendor/laravel/framework/src/Illuminate/Database/Console/Migrations/MigrateCommand.php(111): Illuminate/Database/Console/Migrations/MigrateCommand->prepareDatabase()
#22 D:/Guised Up/backend/laravel/vendor/laravel/framework/src/Illuminate/Database/Migrations/Migrator.php(658): Illuminate/Database/Console/Migrations/MigrateCommand->Illuminate/Database/Console/Migrations/{closure}()
#23 D:/Guised Up/backend/laravel/vendor/laravel/framework/src/Illuminate/Database/Console/Migrations/MigrateCommand.php(110): Illuminate/Database/Migrations/Migrator->usingConnection(NULL, Object(Closure))
#24 D:/Guised Up/backend/laravel/vendor/laravel/framework/src/Illuminate/Database/Console/Migrations/MigrateCommand.php(89): Illuminate/Database/Console/Migrations/MigrateCommand->runMigrations()
#25 D:/Guised Up/backend/laravel/vendor/laravel/framework/src/Illuminate/Container/BoundMethod.php(36): Illuminate/Database/Console/Migrations/MigrateCommand->handle()
#26 D:/Guised Up/backend/laravel/vendor/laravel/framework/src/Illuminate/Container/Util.php(43): Illuminate/Container/BoundMethod::Illuminate/Container/{closure}()
#27 D:/Guised Up/backend/laravel/vendor/laravel/framework/src/Illuminate/Container/BoundMethod.php(95): Illuminate/Container/Util::unwrapIfClosure(Object(Closure))
#28 D:/Guised Up/backend/laravel/vendor/laravel/framework/src/Illuminate/Container/BoundMethod.php(35): Illuminate/Container/BoundMethod::callBoundMethod(Object(Illuminate/Foundation/Application), Array, Object(Closure))
#29 D:/Guised Up/backend/laravel/vendor/laravel/framework/src/Illuminate/Container/Container.php(696): Illuminate/Container/BoundMethod::call(Object(Illuminate/Foundation/Application), Array, Array, NULL)
#30 D:/Guised Up/backend/laravel/vendor/laravel/framework/src/Illuminate/Console/Command.php(213): Illuminate/Container/Container->call(Array)
#31 D:/Guised Up/backend/laravel/vendor/symfony/console/Command/Command.php(341): Illuminate/Console/Command->execute(Object(Symfony/Component/Console/Input/ArgvInput), Object(Illuminate/Console/OutputStyle))
#32 D:/Guised Up/backend/laravel/vendor/laravel/framework/src/Illuminate/Console/Command.php(182): Symfony/Component/Console/Command/Command->run(Object(Symfony/Component/Console/Input/ArgvInput), Object(Illuminate/Console/OutputStyle))
#33 D:/Guised Up/backend/laravel/vendor/symfony/console/Application.php(1117): Illuminate/Console/Command->run(Object(Symfony/Component/Console/Input/ArgvInput), Object(Symfony/Component/Console/Output/ConsoleOutput))
#34 D:/Guised Up/backend/laravel/vendor/symfony/console/Application.php(356): Symfony/Component/Console/Application->doRunCommand(Object(Illuminate/Database/Console/Migrations/MigrateCommand), Object(Symfony/Component/Console/Input/ArgvInput), Object(Symfony/Component/Console/Output/ConsoleOutput))
#35 D:/Guised Up/backend/laravel/vendor/symfony/console/Application.php(195): Symfony/Component/Console/Application->doRun(Object(Symfony/Component/Console/Input/ArgvInput), Object(Symfony/Component/Console/Output/ConsoleOutput))
#36 D:/Guised Up/backend/laravel/vendor/laravel/framework/src/Illuminate/Foundation/Console/Kernel.php(198): Symfony/Component/Console/Application->run(Object(Symfony/Component/Console/Input/ArgvInput), Object(Symfony/Component/Console/Output/ConsoleOutput))
#37 D:/Guised Up/backend/laravel/artisan(10): Illuminate/Foundation/Console/Kernel->handle(Object(Symfony/Component/Console/Input/ArgvInput), Object(Symfony/Component/Console/Output/ConsoleOutput))
#38 {main}
"} 
[2026-07-09 14:10:51] local.ERROR: could not find driver (Connection: sqlite, SQL: PRAGMA foreign_keys = ON;) {"exception":"[object] (Illuminate\\Database\\QueryException(code: 0): could not find driver (Connection: sqlite, SQL: PRAGMA foreign_keys = ON;) at D:/Guised Up/backend/laravel/vendor/laravel/framework/src/Illuminate/Database/Connection.php:825)
[stacktrace]
#0 D:/Guised Up/backend/laravel/vendor/laravel/framework/src/Illuminate/Database/Connection.php(779): Illuminate/Database/Connection->runQueryCallback('PRAGMA foreign_...', Array, Object(Closure))
#1 D:/Guised Up/backend/laravel/vendor/laravel/framework/src/Illuminate/Database/Connection.php(560): Illuminate/Database/Connection->run('PRAGMA foreign_...', Array, Object(Closure))
#2 D:/Guised Up/backend/laravel/vendor/laravel/framework/src/Illuminate/Database/Schema/Builder.php(522): Illuminate/Database/Connection->statement('PRAGMA foreign_...')
#3 D:/Guised Up/backend/laravel/vendor/laravel/framework/src/Illuminate/Database/SQLiteConnection.php(59): Illuminate/Database/Schema/Builder->enableForeignKeyConstraints()
#4 D:/Guised Up/backend/laravel/vendor/laravel/framework/src/Illuminate/Database/SQLiteConnection.php(28): Illuminate/Database/SQLiteConnection->configureForeignKeyConstraints()
#5 D:/Guised Up/backend/laravel/vendor/laravel/framework/src/Illuminate/Database/Connectors/ConnectionFactory.php(277): Illuminate/Database/SQLiteConnection->__construct(Object(Closure), 'database/databa...', '', Array)
#6 D:/Guised Up/backend/laravel/vendor/laravel/framework/src/Illuminate/Database/Connectors/ConnectionFactory.php(76): Illuminate/Database/Connectors/ConnectionFactory->createConnection('sqlite', Object(Closure), 'database/databa...', '', Array)
#7 D:/Guised Up/backend/laravel/vendor/laravel/framework/src/Illuminate/Database/Connectors/ConnectionFactory.php(51): Illuminate/Database/Connectors/ConnectionFactory->createSingleConnection(Array)
#8 D:/Guised Up/backend/laravel/vendor/laravel/framework/src/Illuminate/Database/DatabaseManager.php(207): Illuminate/Database/Connectors/ConnectionFactory->make(Array, 'sqlite')
#9 D:/Guised Up/backend/laravel/vendor/laravel/framework/src/Illuminate/Database/DatabaseManager.php(103): Illuminate/Database/DatabaseManager->makeConnection('sqlite')
#10 D:/Guised Up/backend/laravel/vendor/laravel/framework/src/Illuminate/Database/Migrations/DatabaseMigrationRepository.php(226): Illuminate/Database/DatabaseManager->connection('sqlite')
#11 D:/Guised Up/backend/laravel/vendor/laravel/framework/src/Illuminate/Database/Migrations/DatabaseMigrationRepository.php(182): Illuminate/Database/Migrations/DatabaseMigrationRepository->getConnection()
#12 D:/Guised Up/backend/laravel/vendor/laravel/framework/src/Illuminate/Database/Migrations/Migrator.php(742): Illuminate/Database/Migrations/DatabaseMigrationRepository->repositoryExists()
#13 D:/Guised Up/backend/laravel/vendor/laravel/framework/src/Illuminate/Database/Console/Migrations/MigrateCommand.php(165): Illuminate/Database/Migrations/Migrator->repositoryExists()
#14 D:/Guised Up/backend/laravel/vendor/laravel/framework/src/Illuminate/Support/helpers.php(338): Illuminate/Database/Console/Migrations/MigrateCommand->Illuminate/Database/Console/Migrations/{closure}(1)
#15 D:/Guised Up/backend/laravel/vendor/laravel/framework/src/Illuminate/Database/Console/Migrations/MigrateCommand.php(165): retry(1, Object(Closure), 0, Object(Closure))
#16 D:/Guised Up/backend/laravel/vendor/laravel/framework/src/Illuminate/Database/Console/Migrations/MigrateCommand.php(141): Illuminate/Database/Console/Migrations/MigrateCommand->repositoryExists()
#17 D:/Guised Up/backend/laravel/vendor/laravel/framework/src/Illuminate/Database/Console/Migrations/MigrateCommand.php(111): Illuminate/Database/Console/Migrations/MigrateCommand->prepareDatabase()
#18 D:/Guised Up/backend/laravel/vendor/laravel/framework/src/Illuminate/Database/Migrations/Migrator.php(658): Illuminate/Database/Console/Migrations/MigrateCommand->Illuminate/Database/Console/Migrations/{closure}()
#19 D:/Guised Up/backend/laravel/vendor/laravel/framework/src/Illuminate/Database/Console/Migrations/MigrateCommand.php(110): Illuminate/Database/Migrations/Migrator->usingConnection(NULL, Object(Closure))
#20 D:/Guised Up/backend/laravel/vendor/laravel/framework/src/Illuminate/Database/Console/Migrations/MigrateCommand.php(89): Illuminate/Database/Console/Migrations/MigrateCommand->runMigrations()
#21 D:/Guised Up/backend/laravel/vendor/laravel/framework/src/Illuminate/Container/BoundMethod.php(36): Illuminate/Database/Console/Migrations/MigrateCommand->handle()
#22 D:/Guised Up/backend/laravel/vendor/laravel/framework/src/Illuminate/Container/Util.php(43): Illuminate/Container/BoundMethod::Illuminate/Container/{closure}()
#23 D:/Guised Up/backend/laravel/vendor/laravel/framework/src/Illuminate/Container/BoundMethod.php(95): Illuminate/Container/Util::unwrapIfClosure(Object(Closure))
#24 D:/Guised Up/backend/laravel/vendor/laravel/framework/src/Illuminate/Container/BoundMethod.php(35): Illuminate/Container/BoundMethod::callBoundMethod(Object(Illuminate/Foundation/Application), Array, Object(Closure))
#25 D:/Guised Up/backend/laravel/vendor/laravel/framework/src/Illuminate/Container/Container.php(696): Illuminate/Container/BoundMethod::call(Object(Illuminate/Foundation/Application), Array, Array, NULL)
#26 D:/Guised Up/backend/laravel/vendor/laravel/framework/src/Illuminate/Console/Command.php(213): Illuminate/Container/Container->call(Array)
#27 D:/Guised Up/backend/laravel/vendor/symfony/console/Command/Command.php(341): Illuminate/Console/Command->execute(Object(Symfony/Component/Console/Input/ArgvInput), Object(Illuminate/Console/OutputStyle))
#28 D:/Guised Up/backend/laravel/vendor/laravel/framework/src/Illuminate/Console/Command.php(182): Symfony/Component/Console/Command/Command->run(Object(Symfony/Component/Console/Input/ArgvInput), Object(Illuminate/Console/OutputStyle))
#29 D:/Guised Up/backend/laravel/vendor/symfony/console/Application.php(1117): Illuminate/Console/Command->run(Object(Symfony/Component/Console/Input/ArgvInput), Object(Symfony/Component/Console/Output/ConsoleOutput))
#30 D:/Guised Up/backend/laravel/vendor/symfony/console/Application.php(356): Symfony/Component/Console/Application->doRunCommand(Object(Illuminate/Database/Console/Migrations/MigrateCommand), Object(Symfony/Component/Console/Input/ArgvInput), Object(Symfony/Component/Console/Output/ConsoleOutput))
#31 D:/Guised Up/backend/laravel/vendor/symfony/console/Application.php(195): Symfony/Component/Console/Application->doRun(Object(Symfony/Component/Console/Input/ArgvInput), Object(Symfony/Component/Console/Output/ConsoleOutput))
#32 D:/Guised Up/backend/laravel/vendor/laravel/framework/src/Illuminate/Foundation/Console/Kernel.php(198): Symfony/Component/Console/Application->run(Object(Symfony/Component/Console/Input/ArgvInput), Object(Symfony/Component/Console/Output/ConsoleOutput))
#33 D:/Guised Up/backend/laravel/artisan(10): Illuminate/Foundation/Console/Kernel->handle(Object(Symfony/Component/Console/Input/ArgvInput), Object(Symfony/Component/Console/Output/ConsoleOutput))
#34 {main}

[previous exception] [object] (PDOException(code: 0): could not find driver at D:/Guised Up/backend/laravel/vendor/laravel/framework/src/Illuminate/Database/Connectors/Connector.php:66)
[stacktrace]
#0 D:/Guised Up/backend/laravel/vendor/laravel/framework/src/Illuminate/Database/Connectors/Connector.php(66): PDO->__construct('sqlite:D://Guise...', NULL, Object(SensitiveParameterValue), Array)
#1 D:/Guised Up/backend/laravel/vendor/laravel/framework/src/Illuminate/Database/Connectors/Connector.php(44): Illuminate/Database/Connectors/Connector->createPdoConnection('sqlite:D://Guise...', NULL, Object(SensitiveParameterValue), Array)
#2 D:/Guised Up/backend/laravel/vendor/laravel/framework/src/Illuminate/Database/Connectors/SQLiteConnector.php(40): Illuminate/Database/Connectors/Connector->createConnection('sqlite:D://Guise...', Array, Array)
#3 D:/Guised Up/backend/laravel/vendor/laravel/framework/src/Illuminate/Database/Connectors/ConnectionFactory.php(224): Illuminate/Database/Connectors/SQLiteConnector->connect(Array)
#4 [internal function]: Illuminate/Database/Connectors/ConnectionFactory->Illuminate/Database/Connectors/{closure}()
#5 D:/Guised Up/backend/laravel/vendor/laravel/framework/src/Illuminate/Database/Connection.php(1231): call_user_func(Object(Closure))
#6 D:/Guised Up/backend/laravel/vendor/laravel/framework/src/Illuminate/Database/Connection.php(565): Illuminate/Database/Connection->getPdo()
#7 D:/Guised Up/backend/laravel/vendor/laravel/framework/src/Illuminate/Database/Connection.php(812): Illuminate/Database/Connection->Illuminate/Database/{closure}('PRAGMA foreign_...', Array)
#8 D:/Guised Up/backend/laravel/vendor/laravel/framework/src/Illuminate/Database/Connection.php(779): Illuminate/Database/Connection->runQueryCallback('PRAGMA foreign_...', Array, Object(Closure))
#9 D:/Guised Up/backend/laravel/vendor/laravel/framework/src/Illuminate/Database/Connection.php(560): Illuminate/Database/Connection->run('PRAGMA foreign_...', Array, Object(Closure))
#10 D:/Guised Up/backend/laravel/vendor/laravel/framework/src/Illuminate/Database/Schema/Builder.php(522): Illuminate/Database/Connection->statement('PRAGMA foreign_...')
#11 D:/Guised Up/backend/laravel/vendor/laravel/framework/src/Illuminate/Database/SQLiteConnection.php(59): Illuminate/Database/Schema/Builder->enableForeignKeyConstraints()
#12 D:/Guised Up/backend/laravel/vendor/laravel/framework/src/Illuminate/Database/SQLiteConnection.php(28): Illuminate/Database/SQLiteConnection->configureForeignKeyConstraints()
#13 D:/Guised Up/backend/laravel/vendor/laravel/framework/src/Illuminate/Database/Connectors/ConnectionFactory.php(277): Illuminate/Database/SQLiteConnection->__construct(Object(Closure), 'database/databa...', '', Array)
#14 D:/Guised Up/backend/laravel/vendor/laravel/framework/src/Illuminate/Database/Connectors/ConnectionFactory.php(76): Illuminate/Database/Connectors/ConnectionFactory->createConnection('sqlite', Object(Closure), 'database/databa...', '', Array)
#15 D:/Guised Up/backend/laravel/vendor/laravel/framework/src/Illuminate/Database/Connectors/ConnectionFactory.php(51): Illuminate/Database/Connectors/ConnectionFactory->createSingleConnection(Array)
#16 D:/Guised Up/backend/laravel/vendor/laravel/framework/src/Illuminate/Database/DatabaseManager.php(207): Illuminate/Database/Connectors/ConnectionFactory->make(Array, 'sqlite')
#17 D:/Guised Up/backend/laravel/vendor/laravel/framework/src/Illuminate/Database/DatabaseManager.php(103): Illuminate/Database/DatabaseManager->makeConnection('sqlite')
#18 D:/Guised Up/backend/laravel/vendor/laravel/framework/src/Illuminate/Database/Migrations/DatabaseMigrationRepository.php(226): Illuminate/Database/DatabaseManager->connection('sqlite')
#19 D:/Guised Up/backend/laravel/vendor/laravel/framework/src/Illuminate/Database/Migrations/DatabaseMigrationRepository.php(182): Illuminate/Database/Migrations/DatabaseMigrationRepository->getConnection()
#20 D:/Guised Up/backend/laravel/vendor/laravel/framework/src/Illuminate/Database/Migrations/Migrator.php(742): Illuminate/Database/Migrations/DatabaseMigrationRepository->repositoryExists()
#21 D:/Guised Up/backend/laravel/vendor/laravel/framework/src/Illuminate/Database/Console/Migrations/MigrateCommand.php(165): Illuminate/Database/Migrations/Migrator->repositoryExists()
#22 D:/Guised Up/backend/laravel/vendor/laravel/framework/src/Illuminate/Support/helpers.php(338): Illuminate/Database/Console/Migrations/MigrateCommand->Illuminate/Database/Console/Migrations/{closure}(1)
#23 D:/Guised Up/backend/laravel/vendor/laravel/framework/src/Illuminate/Database/Console/Migrations/MigrateCommand.php(165): retry(1, Object(Closure), 0, Object(Closure))
#24 D:/Guised Up/backend/laravel/vendor/laravel/framework/src/Illuminate/Database/Console/Migrations/MigrateCommand.php(141): Illuminate/Database/Console/Migrations/MigrateCommand->repositoryExists()
#25 D:/Guised Up/backend/laravel/vendor/laravel/framework/src/Illuminate/Database/Console/Migrations/MigrateCommand.php(111): Illuminate/Database/Console/Migrations/MigrateCommand->prepareDatabase()
#26 D:/Guised Up/backend/laravel/vendor/laravel/framework/src/Illuminate/Database/Migrations/Migrator.php(658): Illuminate/Database/Console/Migrations/MigrateCommand->Illuminate/Database/Console/Migrations/{closure}()
#27 D:/Guised Up/backend/laravel/vendor/laravel/framework/src/Illuminate/Database/Console/Migrations/MigrateCommand.php(110): Illuminate/Database/Migrations/Migrator->usingConnection(NULL, Object(Closure))
#28 D:/Guised Up/backend/laravel/vendor/laravel/framework/src/Illuminate/Database/Console/Migrations/MigrateCommand.php(89): Illuminate/Database/Console/Migrations/MigrateCommand->runMigrations()
#29 D:/Guised Up/backend/laravel/vendor/laravel/framework/src/Illuminate/Container/BoundMethod.php(36): Illuminate/Database/Console/Migrations/MigrateCommand->handle()
#30 D:/Guised Up/backend/laravel/vendor/laravel/framework/src/Illuminate/Container/Util.php(43): Illuminate/Container/BoundMethod::Illuminate/Container/{closure}()
#31 D:/Guised Up/backend/laravel/vendor/laravel/framework/src/Illuminate/Container/BoundMethod.php(95): Illuminate/Container/Util::unwrapIfClosure(Object(Closure))
#32 D:/Guised Up/backend/laravel/vendor/laravel/framework/src/Illuminate/Container/BoundMethod.php(35): Illuminate/Container/BoundMethod::callBoundMethod(Object(Illuminate/Foundation/Application), Array, Object(Closure))
#33 D:/Guised Up/backend/laravel/vendor/laravel/framework/src/Illuminate/Container/Container.php(696): Illuminate/Container/BoundMethod::call(Object(Illuminate/Foundation/Application), Array, Array, NULL)
#34 D:/Guised Up/backend/laravel/vendor/laravel/framework/src/Illuminate/Console/Command.php(213): Illuminate/Container/Container->call(Array)
#35 D:/Guised Up/backend/laravel/vendor/symfony/console/Command/Command.php(341): Illuminate/Console/Command->execute(Object(Symfony/Component/Console/Input/ArgvInput), Object(Illuminate/Console/OutputStyle))
#36 D:/Guised Up/backend/laravel/vendor/laravel/framework/src/Illuminate/Console/Command.php(182): Symfony/Component/Console/Command/Command->run(Object(Symfony/Component/Console/Input/ArgvInput), Object(Illuminate/Console/OutputStyle))
#37 D:/Guised Up/backend/laravel/vendor/symfony/console/Application.php(1117): Illuminate/Console/Command->run(Object(Symfony/Component/Console/Input/ArgvInput), Object(Symfony/Component/Console/Output/ConsoleOutput))
#38 D:/Guised Up/backend/laravel/vendor/symfony/console/Application.php(356): Symfony/Component/Console/Application->doRunCommand(Object(Illuminate/Database/Console/Migrations/MigrateCommand), Object(Symfony/Component/Console/Input/ArgvInput), Object(Symfony/Component/Console/Output/ConsoleOutput))
#39 D:/Guised Up/backend/laravel/vendor/symfony/console/Application.php(195): Symfony/Component/Console/Application->doRun(Object(Symfony/Component/Console/Input/ArgvInput), Object(Symfony/Component/Console/Output/ConsoleOutput))
#40 D:/Guised Up/backend/laravel/vendor/laravel/framework/src/Illuminate/Foundation/Console/Kernel.php(198): Symfony/Component/Console/Application->run(Object(Symfony/Component/Console/Input/ArgvInput), Object(Symfony/Component/Console/Output/ConsoleOutput))
#41 D:/Guised Up/backend/laravel/artisan(10): Illuminate/Foundation/Console/Kernel->handle(Object(Symfony/Component/Console/Input/ArgvInput), Object(Symfony/Component/Console/Output/ConsoleOutput))
#42 {main}
"} 
[2026-07-09 14:11:16] local.ERROR: SQLSTATE[HY000]: General error: 1 near "EXTENSION": syntax error (Connection: sqlite, SQL: CREATE EXTENSION IF NOT EXISTS vector) {"exception":"[object] (Illuminate\\Database\\QueryException(code: HY000): SQLSTATE[HY000]: General error: 1 near \"EXTENSION\": syntax error (Connection: sqlite, SQL: CREATE EXTENSION IF NOT EXISTS vector) at D:/Guised Up/backend/laravel/vendor/laravel/framework/src/Illuminate/Database/Connection.php:825)
[stacktrace]
#0 D:/Guised Up/backend/laravel/vendor/laravel/framework/src/Illuminate/Database/Connection.php(779): Illuminate/Database/Connection->runQueryCallback('CREATE EXTENSIO...', Array, Object(Closure))
#1 D:/Guised Up/backend/laravel/vendor/laravel/framework/src/Illuminate/Database/Connection.php(560): Illuminate/Database/Connection->run('CREATE EXTENSIO...', Array, Object(Closure))
#2 D:/Guised Up/backend/laravel/vendor/laravel/framework/src/Illuminate/Database/DatabaseManager.php(495): Illuminate/Database/Connection->statement('CREATE EXTENSIO...')
#3 D:/Guised Up/backend/laravel/vendor/laravel/framework/src/Illuminate/Support/Facades/Facade.php(361): Illuminate/Database/DatabaseManager->__call('statement', Array)
#4 D:/Guised Up/backend/laravel/database/migrations/2026_07_09_000001_create_extension_vector.php(11): Illuminate/Support/Facades/Facade::__callStatic('statement', Array)
#5 D:/Guised Up/backend/laravel/vendor/laravel/framework/src/Illuminate/Database/Migrations/Migrator.php(507): Illuminate/Database/Migrations/Migration@anonymous->up()
#6 D:/Guised Up/backend/laravel/vendor/laravel/framework/src/Illuminate/Database/Migrations/Migrator.php(432): Illuminate/Database/Migrations/Migrator->runMethod(Object(Illuminate/Database/SQLiteConnection), Object(Illuminate/Database/Migrations/Migration@anonymous), 'up')
#7 D:/Guised Up/backend/laravel/vendor/laravel/framework/src/Illuminate/Database/Migrations/Migrator.php(441): Illuminate/Database/Migrations/Migrator->Illuminate/Database/Migrations/{closure}()
#8 D:/Guised Up/backend/laravel/vendor/laravel/framework/src/Illuminate/Database/Migrations/Migrator.php(244): Illuminate/Database/Migrations/Migrator->runMigration(Object(Illuminate/Database/Migrations/Migration@anonymous), 'up')
#9 D:/Guised Up/backend/laravel/vendor/laravel/framework/src/Illuminate/Console/View/Components/Task.php(40): Illuminate/Database/Migrations/Migrator->Illuminate/Database/Migrations/{closure}()
#10 D:/Guised Up/backend/laravel/vendor/laravel/framework/src/Illuminate/Database/Migrations/Migrator.php(798): Illuminate/Console/View/Components/Task->render('2026_07_09_0000...', Object(Closure))
#11 D:/Guised Up/backend/laravel/vendor/laravel/framework/src/Illuminate/Database/Migrations/Migrator.php(244): Illuminate/Database/Migrations/Migrator->write('Illuminate//Cons...', '2026_07_09_0000...', Object(Closure))
#12 D:/Guised Up/backend/laravel/vendor/laravel/framework/src/Illuminate/Database/Migrations/Migrator.php(211): Illuminate/Database/Migrations/Migrator->runUp('D://Guised Up//ba...', 1, false)
#13 D:/Guised Up/backend/laravel/vendor/laravel/framework/src/Illuminate/Database/Migrations/Migrator.php(138): Illuminate/Database/Migrations/Migrator->runPending(Array, Array)
#14 D:/Guised Up/backend/laravel/vendor/laravel/framework/src/Illuminate/Database/Console/Migrations/MigrateCommand.php(117): Illuminate/Database/Migrations/Migrator->run(Array, Array)
#15 D:/Guised Up/backend/laravel/vendor/laravel/framework/src/Illuminate/Database/Migrations/Migrator.php(658): Illuminate/Database/Console/Migrations/MigrateCommand->Illuminate/Database/Console/Migrations/{closure}()
#16 D:/Guised Up/backend/laravel/vendor/laravel/framework/src/Illuminate/Database/Console/Migrations/MigrateCommand.php(110): Illuminate/Database/Migrations/Migrator->usingConnection(NULL, Object(Closure))
#17 D:/Guised Up/backend/laravel/vendor/laravel/framework/src/Illuminate/Database/Console/Migrations/MigrateCommand.php(89): Illuminate/Database/Console/Migrations/MigrateCommand->runMigrations()
#18 D:/Guised Up/backend/laravel/vendor/laravel/framework/src/Illuminate/Container/BoundMethod.php(36): Illuminate/Database/Console/Migrations/MigrateCommand->handle()
#19 D:/Guised Up/backend/laravel/vendor/laravel/framework/src/Illuminate/Container/Util.php(43): Illuminate/Container/BoundMethod::Illuminate/Container/{closure}()
#20 D:/Guised Up/backend/laravel/vendor/laravel/framework/src/Illuminate/Container/BoundMethod.php(95): Illuminate/Container/Util::unwrapIfClosure(Object(Closure))
#21 D:/Guised Up/backend/laravel/vendor/laravel/framework/src/Illuminate/Container/BoundMethod.php(35): Illuminate/Container/BoundMethod::callBoundMethod(Object(Illuminate/Foundation/Application), Array, Object(Closure))
#22 D:/Guised Up/backend/laravel/vendor/laravel/framework/src/Illuminate/Container/Container.php(696): Illuminate/Container/BoundMethod::call(Object(Illuminate/Foundation/Application), Array, Array, NULL)
#23 D:/Guised Up/backend/laravel/vendor/laravel/framework/src/Illuminate/Console/Command.php(213): Illuminate/Container/Container->call(Array)
#24 D:/Guised Up/backend/laravel/vendor/symfony/console/Command/Command.php(341): Illuminate/Console/Command->execute(Object(Symfony/Component/Console/Input/ArgvInput), Object(Illuminate/Console/OutputStyle))
#25 D:/Guised Up/backend/laravel/vendor/laravel/framework/src/Illuminate/Console/Command.php(182): Symfony/Component/Console/Command/Command->run(Object(Symfony/Component/Console/Input/ArgvInput), Object(Illuminate/Console/OutputStyle))
#26 D:/Guised Up/backend/laravel/vendor/symfony/console/Application.php(1117): Illuminate/Console/Command->run(Object(Symfony/Component/Console/Input/ArgvInput), Object(Symfony/Component/Console/Output/ConsoleOutput))
#27 D:/Guised Up/backend/laravel/vendor/symfony/console/Application.php(356): Symfony/Component/Console/Application->doRunCommand(Object(Illuminate/Database/Console/Migrations/MigrateCommand), Object(Symfony/Component/Console/Input/ArgvInput), Object(Symfony/Component/Console/Output/ConsoleOutput))
#28 D:/Guised Up/backend/laravel/vendor/symfony/console/Application.php(195): Symfony/Component/Console/Application->doRun(Object(Symfony/Component/Console/Input/ArgvInput), Object(Symfony/Component/Console/Output/ConsoleOutput))
#29 D:/Guised Up/backend/laravel/vendor/laravel/framework/src/Illuminate/Foundation/Console/Kernel.php(198): Symfony/Component/Console/Application->run(Object(Symfony/Component/Console/Input/ArgvInput), Object(Symfony/Component/Console/Output/ConsoleOutput))
#30 D:/Guised Up/backend/laravel/artisan(10): Illuminate/Foundation/Console/Kernel->handle(Object(Symfony/Component/Console/Input/ArgvInput), Object(Symfony/Component/Console/Output/ConsoleOutput))
#31 {main}

[previous exception] [object] (PDOException(code: HY000): SQLSTATE[HY000]: General error: 1 near \"EXTENSION\": syntax error at D:/Guised Up/backend/laravel/vendor/laravel/framework/src/Illuminate/Database/Connection.php:565)
[stacktrace]
#0 D:/Guised Up/backend/laravel/vendor/laravel/framework/src/Illuminate/Database/Connection.php(565): PDO->prepare('CREATE EXTENSIO...')
#1 D:/Guised Up/backend/laravel/vendor/laravel/framework/src/Illuminate/Database/Connection.php(812): Illuminate/Database/Connection->Illuminate/Database/{closure}('CREATE EXTENSIO...', Array)
#2 D:/Guised Up/backend/laravel/vendor/laravel/framework/src/Illuminate/Database/Connection.php(779): Illuminate/Database/Connection->runQueryCallback('CREATE EXTENSIO...', Array, Object(Closure))
#3 D:/Guised Up/backend/laravel/vendor/laravel/framework/src/Illuminate/Database/Connection.php(560): Illuminate/Database/Connection->run('CREATE EXTENSIO...', Array, Object(Closure))
#4 D:/Guised Up/backend/laravel/vendor/laravel/framework/src/Illuminate/Database/DatabaseManager.php(495): Illuminate/Database/Connection->statement('CREATE EXTENSIO...')
#5 D:/Guised Up/backend/laravel/vendor/laravel/framework/src/Illuminate/Support/Facades/Facade.php(361): Illuminate/Database/DatabaseManager->__call('statement', Array)
#6 D:/Guised Up/backend/laravel/database/migrations/2026_07_09_000001_create_extension_vector.php(11): Illuminate/Support/Facades/Facade::__callStatic('statement', Array)
#7 D:/Guised Up/backend/laravel/vendor/laravel/framework/src/Illuminate/Database/Migrations/Migrator.php(507): Illuminate/Database/Migrations/Migration@anonymous->up()
#8 D:/Guised Up/backend/laravel/vendor/laravel/framework/src/Illuminate/Database/Migrations/Migrator.php(432): Illuminate/Database/Migrations/Migrator->runMethod(Object(Illuminate/Database/SQLiteConnection), Object(Illuminate/Database/Migrations/Migration@anonymous), 'up')
#9 D:/Guised Up/backend/laravel/vendor/laravel/framework/src/Illuminate/Database/Migrations/Migrator.php(441): Illuminate/Database/Migrations/Migrator->Illuminate/Database/Migrations/{closure}()
#10 D:/Guised Up/backend/laravel/vendor/laravel/framework/src/Illuminate/Database/Migrations/Migrator.php(244): Illuminate/Database/Migrations/Migrator->runMigration(Object(Illuminate/Database/Migrations/Migration@anonymous), 'up')
#11 D:/Guised Up/backend/laravel/vendor/laravel/framework/src/Illuminate/Console/View/Components/Task.php(40): Illuminate/Database/Migrations/Migrator->Illuminate/Database/Migrations/{closure}()
#12 D:/Guised Up/backend/laravel/vendor/laravel/framework/src/Illuminate/Database/Migrations/Migrator.php(798): Illuminate/Console/View/Components/Task->render('2026_07_09_0000...', Object(Closure))
#13 D:/Guised Up/backend/laravel/vendor/laravel/framework/src/Illuminate/Database/Migrations/Migrator.php(244): Illuminate/Database/Migrations/Migrator->write('Illuminate//Cons...', '2026_07_09_0000...', Object(Closure))
#14 D:/Guised Up/backend/laravel/vendor/laravel/framework/src/Illuminate/Database/Migrations/Migrator.php(211): Illuminate/Database/Migrations/Migrator->runUp('D://Guised Up//ba...', 1, false)
#15 D:/Guised Up/backend/laravel/vendor/laravel/framework/src/Illuminate/Database/Migrations/Migrator.php(138): Illuminate/Database/Migrations/Migrator->runPending(Array, Array)
#16 D:/Guised Up/backend/laravel/vendor/laravel/framework/src/Illuminate/Database/Console/Migrations/MigrateCommand.php(117): Illuminate/Database/Migrations/Migrator->run(Array, Array)
#17 D:/Guised Up/backend/laravel/vendor/laravel/framework/src/Illuminate/Database/Migrations/Migrator.php(658): Illuminate/Database/Console/Migrations/MigrateCommand->Illuminate/Database/Console/Migrations/{closure}()
#18 D:/Guised Up/backend/laravel/vendor/laravel/framework/src/Illuminate/Database/Console/Migrations/MigrateCommand.php(110): Illuminate/Database/Migrations/Migrator->usingConnection(NULL, Object(Closure))
#19 D:/Guised Up/backend/laravel/vendor/laravel/framework/src/Illuminate/Database/Console/Migrations/MigrateCommand.php(89): Illuminate/Database/Console/Migrations/MigrateCommand->runMigrations()
#20 D:/Guised Up/backend/laravel/vendor/laravel/framework/src/Illuminate/Container/BoundMethod.php(36): Illuminate/Database/Console/Migrations/MigrateCommand->handle()
#21 D:/Guised Up/backend/laravel/vendor/laravel/framework/src/Illuminate/Container/Util.php(43): Illuminate/Container/BoundMethod::Illuminate/Container/{closure}()
#22 D:/Guised Up/backend/laravel/vendor/laravel/framework/src/Illuminate/Container/BoundMethod.php(95): Illuminate/Container/Util::unwrapIfClosure(Object(Closure))
#23 D:/Guised Up/backend/laravel/vendor/laravel/framework/src/Illuminate/Container/BoundMethod.php(35): Illuminate/Container/BoundMethod::callBoundMethod(Object(Illuminate/Foundation/Application), Array, Object(Closure))
#24 D:/Guised Up/backend/laravel/vendor/laravel/framework/src/Illuminate/Container/Container.php(696): Illuminate/Container/BoundMethod::call(Object(Illuminate/Foundation/Application), Array, Array, NULL)
#25 D:/Guised Up/backend/laravel/vendor/laravel/framework/src/Illuminate/Console/Command.php(213): Illuminate/Container/Container->call(Array)
#26 D:/Guised Up/backend/laravel/vendor/symfony/console/Command/Command.php(341): Illuminate/Console/Command->execute(Object(Symfony/Component/Console/Input/ArgvInput), Object(Illuminate/Console/OutputStyle))
#27 D:/Guised Up/backend/laravel/vendor/laravel/framework/src/Illuminate/Console/Command.php(182): Symfony/Component/Console/Command/Command->run(Object(Symfony/Component/Console/Input/ArgvInput), Object(Illuminate/Console/OutputStyle))
#28 D:/Guised Up/backend/laravel/vendor/symfony/console/Application.php(1117): Illuminate/Console/Command->run(Object(Symfony/Component/Console/Input/ArgvInput), Object(Symfony/Component/Console/Output/ConsoleOutput))
#29 D:/Guised Up/backend/laravel/vendor/symfony/console/Application.php(356): Symfony/Component/Console/Application->doRunCommand(Object(Illuminate/Database/Console/Migrations/MigrateCommand), Object(Symfony/Component/Console/Input/ArgvInput), Object(Symfony/Component/Console/Output/ConsoleOutput))
#30 D:/Guised Up/backend/laravel/vendor/symfony/console/Application.php(195): Symfony/Component/Console/Application->doRun(Object(Symfony/Component/Console/Input/ArgvInput), Object(Symfony/Component/Console/Output/ConsoleOutput))
#31 D:/Guised Up/backend/laravel/vendor/laravel/framework/src/Illuminate/Foundation/Console/Kernel.php(198): Symfony/Component/Console/Application->run(Object(Symfony/Component/Console/Input/ArgvInput), Object(Symfony/Component/Console/Output/ConsoleOutput))
#32 D:/Guised Up/backend/laravel/artisan(10): Illuminate/Foundation/Console/Kernel->handle(Object(Symfony/Component/Console/Input/ArgvInput), Object(Symfony/Component/Console/Output/ConsoleOutput))
#33 {main}
"} 
[2026-07-09 14:11:35] local.ERROR: This database driver does not support the vector type. {"exception":"[object] (RuntimeException(code: 0): This database driver does not support the vector type. at D:/Guised Up/backend/laravel/vendor/laravel/framework/src/Illuminate/Database/Schema/Grammars/Grammar.php:247)
[stacktrace]
#0 D:/Guised Up/backend/laravel/vendor/laravel/framework/src/Illuminate/Database/Schema/Grammars/Grammar.php(221): Illuminate/Database/Schema/Grammars/Grammar->typeVector(Object(Illuminate/Database/Schema/ColumnDefinition))
#1 D:/Guised Up/backend/laravel/vendor/laravel/framework/src/Illuminate/Database/Schema/Grammars/Grammar.php(208): Illuminate/Database/Schema/Grammars/Grammar->getType(Object(Illuminate/Database/Schema/ColumnDefinition))
#2 D:/Guised Up/backend/laravel/vendor/laravel/framework/src/Illuminate/Database/Schema/Grammars/Grammar.php(190): Illuminate/Database/Schema/Grammars/Grammar->getColumn(Object(Illuminate/Database/Schema/Blueprint), Object(Illuminate/Database/Schema/ColumnDefinition))
#3 D:/Guised Up/backend/laravel/vendor/laravel/framework/src/Illuminate/Database/Schema/Grammars/SQLiteGrammar.php(176): Illuminate/Database/Schema/Grammars/Grammar->getColumns(Object(Illuminate/Database/Schema/Blueprint))
#4 D:/Guised Up/backend/laravel/vendor/laravel/framework/src/Illuminate/Database/Schema/Blueprint.php(152): Illuminate/Database/Schema/Grammars/SQLiteGrammar->compileCreate(Object(Illuminate/Database/Schema/Blueprint), Object(Illuminate/Support/Fluent), Object(Illuminate/Database/SQLiteConnection))
#5 D:/Guised Up/backend/laravel/vendor/laravel/framework/src/Illuminate/Database/Schema/Blueprint.php(117): Illuminate/Database/Schema/Blueprint->toSql(Object(Illuminate/Database/SQLiteConnection), Object(Illuminate/Database/Schema/Grammars/SQLiteGrammar))
#6 D:/Guised Up/backend/laravel/vendor/laravel/framework/src/Illuminate/Database/Schema/Builder.php(564): Illuminate/Database/Schema/Blueprint->build(Object(Illuminate/Database/SQLiteConnection), Object(Illuminate/Database/Schema/Grammars/SQLiteGrammar))
#7 D:/Guised Up/backend/laravel/vendor/laravel/framework/src/Illuminate/Database/Schema/Builder.php(418): Illuminate/Database/Schema/Builder->build(Object(Illuminate/Database/Schema/Blueprint))
#8 D:/Guised Up/backend/laravel/vendor/laravel/framework/src/Illuminate/Support/Facades/Facade.php(361): Illuminate/Database/Schema/Builder->create('posts', Object(Closure))
#9 D:/Guised Up/backend/laravel/database/migrations/2026_07_09_000003_create_posts_table.php(11): Illuminate/Support/Facades/Facade::__callStatic('create', Array)
#10 D:/Guised Up/backend/laravel/vendor/laravel/framework/src/Illuminate/Database/Migrations/Migrator.php(507): Illuminate/Database/Migrations/Migration@anonymous->up()
#11 D:/Guised Up/backend/laravel/vendor/laravel/framework/src/Illuminate/Database/Migrations/Migrator.php(432): Illuminate/Database/Migrations/Migrator->runMethod(Object(Illuminate/Database/SQLiteConnection), Object(Illuminate/Database/Migrations/Migration@anonymous), 'up')
#12 D:/Guised Up/backend/laravel/vendor/laravel/framework/src/Illuminate/Database/Migrations/Migrator.php(441): Illuminate/Database/Migrations/Migrator->Illuminate/Database/Migrations/{closure}()
#13 D:/Guised Up/backend/laravel/vendor/laravel/framework/src/Illuminate/Database/Migrations/Migrator.php(244): Illuminate/Database/Migrations/Migrator->runMigration(Object(Illuminate/Database/Migrations/Migration@anonymous), 'up')
#14 D:/Guised Up/backend/laravel/vendor/laravel/framework/src/Illuminate/Console/View/Components/Task.php(40): Illuminate/Database/Migrations/Migrator->Illuminate/Database/Migrations/{closure}()
#15 D:/Guised Up/backend/laravel/vendor/laravel/framework/src/Illuminate/Database/Migrations/Migrator.php(798): Illuminate/Console/View/Components/Task->render('2026_07_09_0000...', Object(Closure))
#16 D:/Guised Up/backend/laravel/vendor/laravel/framework/src/Illuminate/Database/Migrations/Migrator.php(244): Illuminate/Database/Migrations/Migrator->write('Illuminate//Cons...', '2026_07_09_0000...', Object(Closure))
#17 D:/Guised Up/backend/laravel/vendor/laravel/framework/src/Illuminate/Database/Migrations/Migrator.php(211): Illuminate/Database/Migrations/Migrator->runUp('D://Guised Up//ba...', 1, false)
#18 D:/Guised Up/backend/laravel/vendor/laravel/framework/src/Illuminate/Database/Migrations/Migrator.php(138): Illuminate/Database/Migrations/Migrator->runPending(Array, Array)
#19 D:/Guised Up/backend/laravel/vendor/laravel/framework/src/Illuminate/Database/Console/Migrations/MigrateCommand.php(117): Illuminate/Database/Migrations/Migrator->run(Array, Array)
#20 D:/Guised Up/backend/laravel/vendor/laravel/framework/src/Illuminate/Database/Migrations/Migrator.php(658): Illuminate/Database/Console/Migrations/MigrateCommand->Illuminate/Database/Console/Migrations/{closure}()
#21 D:/Guised Up/backend/laravel/vendor/laravel/framework/src/Illuminate/Database/Console/Migrations/MigrateCommand.php(110): Illuminate/Database/Migrations/Migrator->usingConnection(NULL, Object(Closure))
#22 D:/Guised Up/backend/laravel/vendor/laravel/framework/src/Illuminate/Database/Console/Migrations/MigrateCommand.php(89): Illuminate/Database/Console/Migrations/MigrateCommand->runMigrations()
#23 D:/Guised Up/backend/laravel/vendor/laravel/framework/src/Illuminate/Container/BoundMethod.php(36): Illuminate/Database/Console/Migrations/MigrateCommand->handle()
#24 D:/Guised Up/backend/laravel/vendor/laravel/framework/src/Illuminate/Container/Util.php(43): Illuminate/Container/BoundMethod::Illuminate/Container/{closure}()
#25 D:/Guised Up/backend/laravel/vendor/laravel/framework/src/Illuminate/Container/BoundMethod.php(95): Illuminate/Container/Util::unwrapIfClosure(Object(Closure))
#26 D:/Guised Up/backend/laravel/vendor/laravel/framework/src/Illuminate/Container/BoundMethod.php(35): Illuminate/Container/BoundMethod::callBoundMethod(Object(Illuminate/Foundation/Application), Array, Object(Closure))
#27 D:/Guised Up/backend/laravel/vendor/laravel/framework/src/Illuminate/Container/Container.php(696): Illuminate/Container/BoundMethod::call(Object(Illuminate/Foundation/Application), Array, Array, NULL)
#28 D:/Guised Up/backend/laravel/vendor/laravel/framework/src/Illuminate/Console/Command.php(213): Illuminate/Container/Container->call(Array)
#29 D:/Guised Up/backend/laravel/vendor/symfony/console/Command/Command.php(341): Illuminate/Console/Command->execute(Object(Symfony/Component/Console/Input/ArgvInput), Object(Illuminate/Console/OutputStyle))
#30 D:/Guised Up/backend/laravel/vendor/laravel/framework/src/Illuminate/Console/Command.php(182): Symfony/Component/Console/Command/Command->run(Object(Symfony/Component/Console/Input/ArgvInput), Object(Illuminate/Console/OutputStyle))
#31 D:/Guised Up/backend/laravel/vendor/symfony/console/Application.php(1117): Illuminate/Console/Command->run(Object(Symfony/Component/Console/Input/ArgvInput), Object(Symfony/Component/Console/Output/ConsoleOutput))
#32 D:/Guised Up/backend/laravel/vendor/symfony/console/Application.php(356): Symfony/Component/Console/Application->doRunCommand(Object(Illuminate/Database/Console/Migrations/MigrateCommand), Object(Symfony/Component/Console/Input/ArgvInput), Object(Symfony/Component/Console/Output/ConsoleOutput))
#33 D:/Guised Up/backend/laravel/vendor/symfony/console/Application.php(195): Symfony/Component/Console/Application->doRun(Object(Symfony/Component/Console/Input/ArgvInput), Object(Symfony/Component/Console/Output/ConsoleOutput))
#34 D:/Guised Up/backend/laravel/vendor/laravel/framework/src/Illuminate/Foundation/Console/Kernel.php(198): Symfony/Component/Console/Application->run(Object(Symfony/Component/Console/Input/ArgvInput), Object(Symfony/Component/Console/Output/ConsoleOutput))
#35 D:/Guised Up/backend/laravel/artisan(10): Illuminate/Foundation/Console/Kernel->handle(Object(Symfony/Component/Console/Input/ArgvInput), Object(Symfony/Component/Console/Output/ConsoleOutput))
#36 {main}
"} 
[2026-07-09 14:12:07] local.ERROR: Target class [DatabaseSeeder] does not exist. {"exception":"[object] (Illuminate\\Contracts\\Container\\BindingResolutionException(code: 0): Target class [DatabaseSeeder] does not exist. at D:/Guised Up/backend/laravel/vendor/laravel/framework/src/Illuminate/Container/Container.php:961)
[stacktrace]
#0 D:/Guised Up/backend/laravel/vendor/laravel/framework/src/Illuminate/Container/Container.php(832): Illuminate/Container/Container->build('DatabaseSeeder')
#1 D:/Guised Up/backend/laravel/vendor/laravel/framework/src/Illuminate/Foundation/Application.php(1078): Illuminate/Container/Container->resolve('DatabaseSeeder', Array, true)
#2 D:/Guised Up/backend/laravel/vendor/laravel/framework/src/Illuminate/Container/Container.php(763): Illuminate/Foundation/Application->resolve('DatabaseSeeder', Array)
#3 D:/Guised Up/backend/laravel/vendor/laravel/framework/src/Illuminate/Foundation/Application.php(1058): Illuminate/Container/Container->make('DatabaseSeeder', Array)
#4 D:/Guised Up/backend/laravel/vendor/laravel/framework/src/Illuminate/Database/Console/Seeds/SeedCommand.php(98): Illuminate/Foundation/Application->make('DatabaseSeeder')
#5 D:/Guised Up/backend/laravel/vendor/laravel/framework/src/Illuminate/Database/Console/Seeds/SeedCommand.php(70): Illuminate/Database/Console/Seeds/SeedCommand->getSeeder()
#6 D:/Guised Up/backend/laravel/vendor/laravel/framework/src/Illuminate/Database/Eloquent/Concerns/GuardsAttributes.php(155): Illuminate/Database/Console/Seeds/SeedCommand->Illuminate/Database/Console/Seeds/{closure}()
#7 D:/Guised Up/backend/laravel/vendor/laravel/framework/src/Illuminate/Database/Console/Seeds/SeedCommand.php(69): Illuminate/Database/Eloquent/Model::unguarded(Object(Closure))
#8 D:/Guised Up/backend/laravel/vendor/laravel/framework/src/Illuminate/Container/BoundMethod.php(36): Illuminate/Database/Console/Seeds/SeedCommand->handle()
#9 D:/Guised Up/backend/laravel/vendor/laravel/framework/src/Illuminate/Container/Util.php(43): Illuminate/Container/BoundMethod::Illuminate/Container/{closure}()
#10 D:/Guised Up/backend/laravel/vendor/laravel/framework/src/Illuminate/Container/BoundMethod.php(95): Illuminate/Container/Util::unwrapIfClosure(Object(Closure))
#11 D:/Guised Up/backend/laravel/vendor/laravel/framework/src/Illuminate/Container/BoundMethod.php(35): Illuminate/Container/BoundMethod::callBoundMethod(Object(Illuminate/Foundation/Application), Array, Object(Closure))
#12 D:/Guised Up/backend/laravel/vendor/laravel/framework/src/Illuminate/Container/Container.php(696): Illuminate/Container/BoundMethod::call(Object(Illuminate/Foundation/Application), Array, Array, NULL)
#13 D:/Guised Up/backend/laravel/vendor/laravel/framework/src/Illuminate/Console/Command.php(213): Illuminate/Container/Container->call(Array)
#14 D:/Guised Up/backend/laravel/vendor/symfony/console/Command/Command.php(341): Illuminate/Console/Command->execute(Object(Symfony/Component/Console/Input/ArrayInput), Object(Illuminate/Console/OutputStyle))
#15 D:/Guised Up/backend/laravel/vendor/laravel/framework/src/Illuminate/Console/Command.php(182): Symfony/Component/Console/Command/Command->run(Object(Symfony/Component/Console/Input/ArrayInput), Object(Illuminate/Console/OutputStyle))
#16 D:/Guised Up/backend/laravel/vendor/laravel/framework/src/Illuminate/Console/Concerns/CallsCommands.php(68): Illuminate/Console/Command->run(Object(Symfony/Component/Console/Input/ArrayInput), Object(Illuminate/Console/OutputStyle))
#17 D:/Guised Up/backend/laravel/vendor/laravel/framework/src/Illuminate/Console/Concerns/CallsCommands.php(29): Illuminate/Console/Command->runCommand('db:seed', Array, Object(Illuminate/Console/OutputStyle))
#18 D:/Guised Up/backend/laravel/vendor/laravel/framework/src/Illuminate/Database/Console/Migrations/MigrateCommand.php(126): Illuminate/Console/Command->call('db:seed', Array)
#19 D:/Guised Up/backend/laravel/vendor/laravel/framework/src/Illuminate/Database/Migrations/Migrator.php(658): Illuminate/Database/Console/Migrations/MigrateCommand->Illuminate/Database/Console/Migrations/{closure}()
#20 D:/Guised Up/backend/laravel/vendor/laravel/framework/src/Illuminate/Database/Console/Migrations/MigrateCommand.php(110): Illuminate/Database/Migrations/Migrator->usingConnection(NULL, Object(Closure))
#21 D:/Guised Up/backend/laravel/vendor/laravel/framework/src/Illuminate/Database/Console/Migrations/MigrateCommand.php(89): Illuminate/Database/Console/Migrations/MigrateCommand->runMigrations()
#22 D:/Guised Up/backend/laravel/vendor/laravel/framework/src/Illuminate/Container/BoundMethod.php(36): Illuminate/Database/Console/Migrations/MigrateCommand->handle()
#23 D:/Guised Up/backend/laravel/vendor/laravel/framework/src/Illuminate/Container/Util.php(43): Illuminate/Container/BoundMethod::Illuminate/Container/{closure}()
#24 D:/Guised Up/backend/laravel/vendor/laravel/framework/src/Illuminate/Container/BoundMethod.php(95): Illuminate/Container/Util::unwrapIfClosure(Object(Closure))
#25 D:/Guised Up/backend/laravel/vendor/laravel/framework/src/Illuminate/Container/BoundMethod.php(35): Illuminate/Container/BoundMethod::callBoundMethod(Object(Illuminate/Foundation/Application), Array, Object(Closure))
#26 D:/Guised Up/backend/laravel/vendor/laravel/framework/src/Illuminate/Container/Container.php(696): Illuminate/Container/BoundMethod::call(Object(Illuminate/Foundation/Application), Array, Array, NULL)
#27 D:/Guised Up/backend/laravel/vendor/laravel/framework/src/Illuminate/Console/Command.php(213): Illuminate/Container/Container->call(Array)
#28 D:/Guised Up/backend/laravel/vendor/symfony/console/Command/Command.php(341): Illuminate/Console/Command->execute(Object(Symfony/Component/Console/Input/ArgvInput), Object(Illuminate/Console/OutputStyle))
#29 D:/Guised Up/backend/laravel/vendor/laravel/framework/src/Illuminate/Console/Command.php(182): Symfony/Component/Console/Command/Command->run(Object(Symfony/Component/Console/Input/ArgvInput), Object(Illuminate/Console/OutputStyle))
#30 D:/Guised Up/backend/laravel/vendor/symfony/console/Application.php(1117): Illuminate/Console/Command->run(Object(Symfony/Component/Console/Input/ArgvInput), Object(Symfony/Component/Console/Output/ConsoleOutput))
#31 D:/Guised Up/backend/laravel/vendor/symfony/console/Application.php(356): Symfony/Component/Console/Application->doRunCommand(Object(Illuminate/Database/Console/Migrations/MigrateCommand), Object(Symfony/Component/Console/Input/ArgvInput), Object(Symfony/Component/Console/Output/ConsoleOutput))
#32 D:/Guised Up/backend/laravel/vendor/symfony/console/Application.php(195): Symfony/Component/Console/Application->doRun(Object(Symfony/Component/Console/Input/ArgvInput), Object(Symfony/Component/Console/Output/ConsoleOutput))
#33 D:/Guised Up/backend/laravel/vendor/laravel/framework/src/Illuminate/Foundation/Console/Kernel.php(198): Symfony/Component/Console/Application->run(Object(Symfony/Component/Console/Input/ArgvInput), Object(Symfony/Component/Console/Output/ConsoleOutput))
#34 D:/Guised Up/backend/laravel/artisan(10): Illuminate/Foundation/Console/Kernel->handle(Object(Symfony/Component/Console/Input/ArgvInput), Object(Symfony/Component/Console/Output/ConsoleOutput))
#35 {main}

[previous exception] [object] (ReflectionException(code: -1): Class \"DatabaseSeeder\" does not exist at D:/Guised Up/backend/laravel/vendor/laravel/framework/src/Illuminate/Container/Container.php:959)
[stacktrace]
#0 D:/Guised Up/backend/laravel/vendor/laravel/framework/src/Illuminate/Container/Container.php(959): ReflectionClass->__construct('DatabaseSeeder')
#1 D:/Guised Up/backend/laravel/vendor/laravel/framework/src/Illuminate/Container/Container.php(832): Illuminate/Container/Container->build('DatabaseSeeder')
#2 D:/Guised Up/backend/laravel/vendor/laravel/framework/src/Illuminate/Foundation/Application.php(1078): Illuminate/Container/Container->resolve('DatabaseSeeder', Array, true)
#3 D:/Guised Up/backend/laravel/vendor/laravel/framework/src/Illuminate/Container/Container.php(763): Illuminate/Foundation/Application->resolve('DatabaseSeeder', Array)
#4 D:/Guised Up/backend/laravel/vendor/laravel/framework/src/Illuminate/Foundation/Application.php(1058): Illuminate/Container/Container->make('DatabaseSeeder', Array)
#5 D:/Guised Up/backend/laravel/vendor/laravel/framework/src/Illuminate/Database/Console/Seeds/SeedCommand.php(98): Illuminate/Foundation/Application->make('DatabaseSeeder')
#6 D:/Guised Up/backend/laravel/vendor/laravel/framework/src/Illuminate/Database/Console/Seeds/SeedCommand.php(70): Illuminate/Database/Console/Seeds/SeedCommand->getSeeder()
#7 D:/Guised Up/backend/laravel/vendor/laravel/framework/src/Illuminate/Database/Eloquent/Concerns/GuardsAttributes.php(155): Illuminate/Database/Console/Seeds/SeedCommand->Illuminate/Database/Console/Seeds/{closure}()
#8 D:/Guised Up/backend/laravel/vendor/laravel/framework/src/Illuminate/Database/Console/Seeds/SeedCommand.php(69): Illuminate/Database/Eloquent/Model::unguarded(Object(Closure))
#9 D:/Guised Up/backend/laravel/vendor/laravel/framework/src/Illuminate/Container/BoundMethod.php(36): Illuminate/Database/Console/Seeds/SeedCommand->handle()
#10 D:/Guised Up/backend/laravel/vendor/laravel/framework/src/Illuminate/Container/Util.php(43): Illuminate/Container/BoundMethod::Illuminate/Container/{closure}()
#11 D:/Guised Up/backend/laravel/vendor/laravel/framework/src/Illuminate/Container/BoundMethod.php(95): Illuminate/Container/Util::unwrapIfClosure(Object(Closure))
#12 D:/Guised Up/backend/laravel/vendor/laravel/framework/src/Illuminate/Container/BoundMethod.php(35): Illuminate/Container/BoundMethod::callBoundMethod(Object(Illuminate/Foundation/Application), Array, Object(Closure))
#13 D:/Guised Up/backend/laravel/vendor/laravel/framework/src/Illuminate/Container/Container.php(696): Illuminate/Container/BoundMethod::call(Object(Illuminate/Foundation/Application), Array, Array, NULL)
#14 D:/Guised Up/backend/laravel/vendor/laravel/framework/src/Illuminate/Console/Command.php(213): Illuminate/Container/Container->call(Array)
#15 D:/Guised Up/backend/laravel/vendor/symfony/console/Command/Command.php(341): Illuminate/Console/Command->execute(Object(Symfony/Component/Console/Input/ArrayInput), Object(Illuminate/Console/OutputStyle))
#16 D:/Guised Up/backend/laravel/vendor/laravel/framework/src/Illuminate/Console/Command.php(182): Symfony/Component/Console/Command/Command->run(Object(Symfony/Component/Console/Input/ArrayInput), Object(Illuminate/Console/OutputStyle))
#17 D:/Guised Up/backend/laravel/vendor/laravel/framework/src/Illuminate/Console/Concerns/CallsCommands.php(68): Illuminate/Console/Command->run(Object(Symfony/Component/Console/Input/ArrayInput), Object(Illuminate/Console/OutputStyle))
#18 D:/Guised Up/backend/laravel/vendor/laravel/framework/src/Illuminate/Console/Concerns/CallsCommands.php(29): Illuminate/Console/Command->runCommand('db:seed', Array, Object(Illuminate/Console/OutputStyle))
#19 D:/Guised Up/backend/laravel/vendor/laravel/framework/src/Illuminate/Database/Console/Migrations/MigrateCommand.php(126): Illuminate/Console/Command->call('db:seed', Array)
#20 D:/Guised Up/backend/laravel/vendor/laravel/framework/src/Illuminate/Database/Migrations/Migrator.php(658): Illuminate/Database/Console/Migrations/MigrateCommand->Illuminate/Database/Console/Migrations/{closure}()
#21 D:/Guised Up/backend/laravel/vendor/laravel/framework/src/Illuminate/Database/Console/Migrations/MigrateCommand.php(110): Illuminate/Database/Migrations/Migrator->usingConnection(NULL, Object(Closure))
#22 D:/Guised Up/backend/laravel/vendor/laravel/framework/src/Illuminate/Database/Console/Migrations/MigrateCommand.php(89): Illuminate/Database/Console/Migrations/MigrateCommand->runMigrations()
#23 D:/Guised Up/backend/laravel/vendor/laravel/framework/src/Illuminate/Container/BoundMethod.php(36): Illuminate/Database/Console/Migrations/MigrateCommand->handle()
#24 D:/Guised Up/backend/laravel/vendor/laravel/framework/src/Illuminate/Container/Util.php(43): Illuminate/Container/BoundMethod::Illuminate/Container/{closure}()
#25 D:/Guised Up/backend/laravel/vendor/laravel/framework/src/Illuminate/Container/BoundMethod.php(95): Illuminate/Container/Util::unwrapIfClosure(Object(Closure))
#26 D:/Guised Up/backend/laravel/vendor/laravel/framework/src/Illuminate/Container/BoundMethod.php(35): Illuminate/Container/BoundMethod::callBoundMethod(Object(Illuminate/Foundation/Application), Array, Object(Closure))
#27 D:/Guised Up/backend/laravel/vendor/laravel/framework/src/Illuminate/Container/Container.php(696): Illuminate/Container/BoundMethod::call(Object(Illuminate/Foundation/Application), Array, Array, NULL)
#28 D:/Guised Up/backend/laravel/vendor/laravel/framework/src/Illuminate/Console/Command.php(213): Illuminate/Container/Container->call(Array)
#29 D:/Guised Up/backend/laravel/vendor/symfony/console/Command/Command.php(341): Illuminate/Console/Command->execute(Object(Symfony/Component/Console/Input/ArgvInput), Object(Illuminate/Console/OutputStyle))
#30 D:/Guised Up/backend/laravel/vendor/laravel/framework/src/Illuminate/Console/Command.php(182): Symfony/Component/Console/Command/Command->run(Object(Symfony/Component/Console/Input/ArgvInput), Object(Illuminate/Console/OutputStyle))
#31 D:/Guised Up/backend/laravel/vendor/symfony/console/Application.php(1117): Illuminate/Console/Command->run(Object(Symfony/Component/Console/Input/ArgvInput), Object(Symfony/Component/Console/Output/ConsoleOutput))
#32 D:/Guised Up/backend/laravel/vendor/symfony/console/Application.php(356): Symfony/Component/Console/Application->doRunCommand(Object(Illuminate/Database/Console/Migrations/MigrateCommand), Object(Symfony/Component/Console/Input/ArgvInput), Object(Symfony/Component/Console/Output/ConsoleOutput))
#33 D:/Guised Up/backend/laravel/vendor/symfony/console/Application.php(195): Symfony/Component/Console/Application->doRun(Object(Symfony/Component/Console/Input/ArgvInput), Object(Symfony/Component/Console/Output/ConsoleOutput))
#34 D:/Guised Up/backend/laravel/vendor/laravel/framework/src/Illuminate/Foundation/Console/Kernel.php(198): Symfony/Component/Console/Application->run(Object(Symfony/Component/Console/Input/ArgvInput), Object(Symfony/Component/Console/Output/ConsoleOutput))
#35 D:/Guised Up/backend/laravel/artisan(10): Illuminate/Foundation/Console/Kernel->handle(Object(Symfony/Component/Console/Input/ArgvInput), Object(Symfony/Component/Console/Output/ConsoleOutput))
#36 {main}
"} 
[2026-07-09 14:12:37] local.ERROR: Target class [DatabaseSeeder] does not exist. {"exception":"[object] (Illuminate\\Contracts\\Container\\BindingResolutionException(code: 0): Target class [DatabaseSeeder] does not exist. at D:/Guised Up/backend/laravel/vendor/laravel/framework/src/Illuminate/Container/Container.php:961)
[stacktrace]
#0 D:/Guised Up/backend/laravel/vendor/laravel/framework/src/Illuminate/Container/Container.php(832): Illuminate/Container/Container->build('DatabaseSeeder')
#1 D:/Guised Up/backend/laravel/vendor/laravel/framework/src/Illuminate/Foundation/Application.php(1078): Illuminate/Container/Container->resolve('DatabaseSeeder', Array, true)
#2 D:/Guised Up/backend/laravel/vendor/laravel/framework/src/Illuminate/Container/Container.php(763): Illuminate/Foundation/Application->resolve('DatabaseSeeder', Array)
#3 D:/Guised Up/backend/laravel/vendor/laravel/framework/src/Illuminate/Foundation/Application.php(1058): Illuminate/Container/Container->make('DatabaseSeeder', Array)
#4 D:/Guised Up/backend/laravel/vendor/laravel/framework/src/Illuminate/Database/Console/Seeds/SeedCommand.php(98): Illuminate/Foundation/Application->make('DatabaseSeeder')
#5 D:/Guised Up/backend/laravel/vendor/laravel/framework/src/Illuminate/Database/Console/Seeds/SeedCommand.php(70): Illuminate/Database/Console/Seeds/SeedCommand->getSeeder()
#6 D:/Guised Up/backend/laravel/vendor/laravel/framework/src/Illuminate/Database/Eloquent/Concerns/GuardsAttributes.php(155): Illuminate/Database/Console/Seeds/SeedCommand->Illuminate/Database/Console/Seeds/{closure}()
#7 D:/Guised Up/backend/laravel/vendor/laravel/framework/src/Illuminate/Database/Console/Seeds/SeedCommand.php(69): Illuminate/Database/Eloquent/Model::unguarded(Object(Closure))
#8 D:/Guised Up/backend/laravel/vendor/laravel/framework/src/Illuminate/Container/BoundMethod.php(36): Illuminate/Database/Console/Seeds/SeedCommand->handle()
#9 D:/Guised Up/backend/laravel/vendor/laravel/framework/src/Illuminate/Container/Util.php(43): Illuminate/Container/BoundMethod::Illuminate/Container/{closure}()
#10 D:/Guised Up/backend/laravel/vendor/laravel/framework/src/Illuminate/Container/BoundMethod.php(95): Illuminate/Container/Util::unwrapIfClosure(Object(Closure))
#11 D:/Guised Up/backend/laravel/vendor/laravel/framework/src/Illuminate/Container/BoundMethod.php(35): Illuminate/Container/BoundMethod::callBoundMethod(Object(Illuminate/Foundation/Application), Array, Object(Closure))
#12 D:/Guised Up/backend/laravel/vendor/laravel/framework/src/Illuminate/Container/Container.php(696): Illuminate/Container/BoundMethod::call(Object(Illuminate/Foundation/Application), Array, Array, NULL)
#13 D:/Guised Up/backend/laravel/vendor/laravel/framework/src/Illuminate/Console/Command.php(213): Illuminate/Container/Container->call(Array)
#14 D:/Guised Up/backend/laravel/vendor/symfony/console/Command/Command.php(341): Illuminate/Console/Command->execute(Object(Symfony/Component/Console/Input/ArrayInput), Object(Illuminate/Console/OutputStyle))
#15 D:/Guised Up/backend/laravel/vendor/laravel/framework/src/Illuminate/Console/Command.php(182): Symfony/Component/Console/Command/Command->run(Object(Symfony/Component/Console/Input/ArrayInput), Object(Illuminate/Console/OutputStyle))
#16 D:/Guised Up/backend/laravel/vendor/laravel/framework/src/Illuminate/Console/Concerns/CallsCommands.php(68): Illuminate/Console/Command->run(Object(Symfony/Component/Console/Input/ArrayInput), Object(Illuminate/Console/OutputStyle))
#17 D:/Guised Up/backend/laravel/vendor/laravel/framework/src/Illuminate/Console/Concerns/CallsCommands.php(29): Illuminate/Console/Command->runCommand('db:seed', Array, Object(Illuminate/Console/OutputStyle))
#18 D:/Guised Up/backend/laravel/vendor/laravel/framework/src/Illuminate/Database/Console/Migrations/MigrateCommand.php(126): Illuminate/Console/Command->call('db:seed', Array)
#19 D:/Guised Up/backend/laravel/vendor/laravel/framework/src/Illuminate/Database/Migrations/Migrator.php(658): Illuminate/Database/Console/Migrations/MigrateCommand->Illuminate/Database/Console/Migrations/{closure}()
#20 D:/Guised Up/backend/laravel/vendor/laravel/framework/src/Illuminate/Database/Console/Migrations/MigrateCommand.php(110): Illuminate/Database/Migrations/Migrator->usingConnection(NULL, Object(Closure))
#21 D:/Guised Up/backend/laravel/vendor/laravel/framework/src/Illuminate/Database/Console/Migrations/MigrateCommand.php(89): Illuminate/Database/Console/Migrations/MigrateCommand->runMigrations()
#22 D:/Guised Up/backend/laravel/vendor/laravel/framework/src/Illuminate/Container/BoundMethod.php(36): Illuminate/Database/Console/Migrations/MigrateCommand->handle()
#23 D:/Guised Up/backend/laravel/vendor/laravel/framework/src/Illuminate/Container/Util.php(43): Illuminate/Container/BoundMethod::Illuminate/Container/{closure}()
#24 D:/Guised Up/backend/laravel/vendor/laravel/framework/src/Illuminate/Container/BoundMethod.php(95): Illuminate/Container/Util::unwrapIfClosure(Object(Closure))
#25 D:/Guised Up/backend/laravel/vendor/laravel/framework/src/Illuminate/Container/BoundMethod.php(35): Illuminate/Container/BoundMethod::callBoundMethod(Object(Illuminate/Foundation/Application), Array, Object(Closure))
#26 D:/Guised Up/backend/laravel/vendor/laravel/framework/src/Illuminate/Container/Container.php(696): Illuminate/Container/BoundMethod::call(Object(Illuminate/Foundation/Application), Array, Array, NULL)
#27 D:/Guised Up/backend/laravel/vendor/laravel/framework/src/Illuminate/Console/Command.php(213): Illuminate/Container/Container->call(Array)
#28 D:/Guised Up/backend/laravel/vendor/symfony/console/Command/Command.php(341): Illuminate/Console/Command->execute(Object(Symfony/Component/Console/Input/ArgvInput), Object(Illuminate/Console/OutputStyle))
#29 D:/Guised Up/backend/laravel/vendor/laravel/framework/src/Illuminate/Console/Command.php(182): Symfony/Component/Console/Command/Command->run(Object(Symfony/Component/Console/Input/ArgvInput), Object(Illuminate/Console/OutputStyle))
#30 D:/Guised Up/backend/laravel/vendor/symfony/console/Application.php(1117): Illuminate/Console/Command->run(Object(Symfony/Component/Console/Input/ArgvInput), Object(Symfony/Component/Console/Output/ConsoleOutput))
#31 D:/Guised Up/backend/laravel/vendor/symfony/console/Application.php(356): Symfony/Component/Console/Application->doRunCommand(Object(Illuminate/Database/Console/Migrations/MigrateCommand), Object(Symfony/Component/Console/Input/ArgvInput), Object(Symfony/Component/Console/Output/ConsoleOutput))
#32 D:/Guised Up/backend/laravel/vendor/symfony/console/Application.php(195): Symfony/Component/Console/Application->doRun(Object(Symfony/Component/Console/Input/ArgvInput), Object(Symfony/Component/Console/Output/ConsoleOutput))
#33 D:/Guised Up/backend/laravel/vendor/laravel/framework/src/Illuminate/Foundation/Console/Kernel.php(198): Symfony/Component/Console/Application->run(Object(Symfony/Component/Console/Input/ArgvInput), Object(Symfony/Component/Console/Output/ConsoleOutput))
#34 D:/Guised Up/backend/laravel/artisan(10): Illuminate/Foundation/Console/Kernel->handle(Object(Symfony/Component/Console/Input/ArgvInput), Object(Symfony/Component/Console/Output/ConsoleOutput))
#35 {main}

[previous exception] [object] (ReflectionException(code: -1): Class \"DatabaseSeeder\" does not exist at D:/Guised Up/backend/laravel/vendor/laravel/framework/src/Illuminate/Container/Container.php:959)
[stacktrace]
#0 D:/Guised Up/backend/laravel/vendor/laravel/framework/src/Illuminate/Container/Container.php(959): ReflectionClass->__construct('DatabaseSeeder')
#1 D:/Guised Up/backend/laravel/vendor/laravel/framework/src/Illuminate/Container/Container.php(832): Illuminate/Container/Container->build('DatabaseSeeder')
#2 D:/Guised Up/backend/laravel/vendor/laravel/framework/src/Illuminate/Foundation/Application.php(1078): Illuminate/Container/Container->resolve('DatabaseSeeder', Array, true)
#3 D:/Guised Up/backend/laravel/vendor/laravel/framework/src/Illuminate/Container/Container.php(763): Illuminate/Foundation/Application->resolve('DatabaseSeeder', Array)
#4 D:/Guised Up/backend/laravel/vendor/laravel/framework/src/Illuminate/Foundation/Application.php(1058): Illuminate/Container/Container->make('DatabaseSeeder', Array)
#5 D:/Guised Up/backend/laravel/vendor/laravel/framework/src/Illuminate/Database/Console/Seeds/SeedCommand.php(98): Illuminate/Foundation/Application->make('DatabaseSeeder')
#6 D:/Guised Up/backend/laravel/vendor/laravel/framework/src/Illuminate/Database/Console/Seeds/SeedCommand.php(70): Illuminate/Database/Console/Seeds/SeedCommand->getSeeder()
#7 D:/Guised Up/backend/laravel/vendor/laravel/framework/src/Illuminate/Database/Eloquent/Concerns/GuardsAttributes.php(155): Illuminate/Database/Console/Seeds/SeedCommand->Illuminate/Database/Console/Seeds/{closure}()
#8 D:/Guised Up/backend/laravel/vendor/laravel/framework/src/Illuminate/Database/Console/Seeds/SeedCommand.php(69): Illuminate/Database/Eloquent/Model::unguarded(Object(Closure))
#9 D:/Guised Up/backend/laravel/vendor/laravel/framework/src/Illuminate/Container/BoundMethod.php(36): Illuminate/Database/Console/Seeds/SeedCommand->handle()
#10 D:/Guised Up/backend/laravel/vendor/laravel/framework/src/Illuminate/Container/Util.php(43): Illuminate/Container/BoundMethod::Illuminate/Container/{closure}()
#11 D:/Guised Up/backend/laravel/vendor/laravel/framework/src/Illuminate/Container/BoundMethod.php(95): Illuminate/Container/Util::unwrapIfClosure(Object(Closure))
#12 D:/Guised Up/backend/laravel/vendor/laravel/framework/src/Illuminate/Container/BoundMethod.php(35): Illuminate/Container/BoundMethod::callBoundMethod(Object(Illuminate/Foundation/Application), Array, Object(Closure))
#13 D:/Guised Up/backend/laravel/vendor/laravel/framework/src/Illuminate/Container/Container.php(696): Illuminate/Container/BoundMethod::call(Object(Illuminate/Foundation/Application), Array, Array, NULL)
#14 D:/Guised Up/backend/laravel/vendor/laravel/framework/src/Illuminate/Console/Command.php(213): Illuminate/Container/Container->call(Array)
#15 D:/Guised Up/backend/laravel/vendor/symfony/console/Command/Command.php(341): Illuminate/Console/Command->execute(Object(Symfony/Component/Console/Input/ArrayInput), Object(Illuminate/Console/OutputStyle))
#16 D:/Guised Up/backend/laravel/vendor/laravel/framework/src/Illuminate/Console/Command.php(182): Symfony/Component/Console/Command/Command->run(Object(Symfony/Component/Console/Input/ArrayInput), Object(Illuminate/Console/OutputStyle))
#17 D:/Guised Up/backend/laravel/vendor/laravel/framework/src/Illuminate/Console/Concerns/CallsCommands.php(68): Illuminate/Console/Command->run(Object(Symfony/Component/Console/Input/ArrayInput), Object(Illuminate/Console/OutputStyle))
#18 D:/Guised Up/backend/laravel/vendor/laravel/framework/src/Illuminate/Console/Concerns/CallsCommands.php(29): Illuminate/Console/Command->runCommand('db:seed', Array, Object(Illuminate/Console/OutputStyle))
#19 D:/Guised Up/backend/laravel/vendor/laravel/framework/src/Illuminate/Database/Console/Migrations/MigrateCommand.php(126): Illuminate/Console/Command->call('db:seed', Array)
#20 D:/Guised Up/backend/laravel/vendor/laravel/framework/src/Illuminate/Database/Migrations/Migrator.php(658): Illuminate/Database/Console/Migrations/MigrateCommand->Illuminate/Database/Console/Migrations/{closure}()
#21 D:/Guised Up/backend/laravel/vendor/laravel/framework/src/Illuminate/Database/Console/Migrations/MigrateCommand.php(110): Illuminate/Database/Migrations/Migrator->usingConnection(NULL, Object(Closure))
#22 D:/Guised Up/backend/laravel/vendor/laravel/framework/src/Illuminate/Database/Console/Migrations/MigrateCommand.php(89): Illuminate/Database/Console/Migrations/MigrateCommand->runMigrations()
#23 D:/Guised Up/backend/laravel/vendor/laravel/framework/src/Illuminate/Container/BoundMethod.php(36): Illuminate/Database/Console/Migrations/MigrateCommand->handle()
#24 D:/Guised Up/backend/laravel/vendor/laravel/framework/src/Illuminate/Container/Util.php(43): Illuminate/Container/BoundMethod::Illuminate/Container/{closure}()
#25 D:/Guised Up/backend/laravel/vendor/laravel/framework/src/Illuminate/Container/BoundMethod.php(95): Illuminate/Container/Util::unwrapIfClosure(Object(Closure))
#26 D:/Guised Up/backend/laravel/vendor/laravel/framework/src/Illuminate/Container/BoundMethod.php(35): Illuminate/Container/BoundMethod::callBoundMethod(Object(Illuminate/Foundation/Application), Array, Object(Closure))
#27 D:/Guised Up/backend/laravel/vendor/laravel/framework/src/Illuminate/Container/Container.php(696): Illuminate/Container/BoundMethod::call(Object(Illuminate/Foundation/Application), Array, Array, NULL)
#28 D:/Guised Up/backend/laravel/vendor/laravel/framework/src/Illuminate/Console/Command.php(213): Illuminate/Container/Container->call(Array)
#29 D:/Guised Up/backend/laravel/vendor/symfony/console/Command/Command.php(341): Illuminate/Console/Command->execute(Object(Symfony/Component/Console/Input/ArgvInput), Object(Illuminate/Console/OutputStyle))
#30 D:/Guised Up/backend/laravel/vendor/laravel/framework/src/Illuminate/Console/Command.php(182): Symfony/Component/Console/Command/Command->run(Object(Symfony/Component/Console/Input/ArgvInput), Object(Illuminate/Console/OutputStyle))
#31 D:/Guised Up/backend/laravel/vendor/symfony/console/Application.php(1117): Illuminate/Console/Command->run(Object(Symfony/Component/Console/Input/ArgvInput), Object(Symfony/Component/Console/Output/ConsoleOutput))
#32 D:/Guised Up/backend/laravel/vendor/symfony/console/Application.php(356): Symfony/Component/Console/Application->doRunCommand(Object(Illuminate/Database/Console/Migrations/MigrateCommand), Object(Symfony/Component/Console/Input/ArgvInput), Object(Symfony/Component/Console/Output/ConsoleOutput))
#33 D:/Guised Up/backend/laravel/vendor/symfony/console/Application.php(195): Symfony/Component/Console/Application->doRun(Object(Symfony/Component/Console/Input/ArgvInput), Object(Symfony/Component/Console/Output/ConsoleOutput))
#34 D:/Guised Up/backend/laravel/vendor/laravel/framework/src/Illuminate/Foundation/Console/Kernel.php(198): Symfony/Component/Console/Application->run(Object(Symfony/Component/Console/Input/ArgvInput), Object(Symfony/Component/Console/Output/ConsoleOutput))
#35 D:/Guised Up/backend/laravel/artisan(10): Illuminate/Foundation/Console/Kernel->handle(Object(Symfony/Component/Console/Input/ArgvInput), Object(Symfony/Component/Console/Output/ConsoleOutput))
#36 {main}
"} 
[2026-07-09 14:29:50] local.ERROR: The provided cwd "D:\Guised Up\backend\laravel\public" does not exist. {"exception":"[object] (Symfony\\Component\\Process\\Exception\\RuntimeException(code: 0): The provided cwd \"D:\\Guised Up\\backend\\laravel\\public\" does not exist. at D:/Guised Up/backend/laravel/vendor/symfony/process/Process.php:371)
[stacktrace]
#0 D:/Guised Up/backend/laravel/vendor/laravel/framework/src/Illuminate/Foundation/Console/ServeCommand.php(190): Symfony/Component/Process/Process->start(Object(Closure))
#1 D:/Guised Up/backend/laravel/vendor/laravel/framework/src/Illuminate/Foundation/Console/ServeCommand.php(129): Illuminate/Foundation/Console/ServeCommand->startProcess(true)
#2 D:/Guised Up/backend/laravel/vendor/laravel/framework/src/Illuminate/Container/BoundMethod.php(36): Illuminate/Foundation/Console/ServeCommand->handle()
#3 D:/Guised Up/backend/laravel/vendor/laravel/framework/src/Illuminate/Container/Util.php(43): Illuminate/Container/BoundMethod::Illuminate/Container/{closure}()
#4 D:/Guised Up/backend/laravel/vendor/laravel/framework/src/Illuminate/Container/BoundMethod.php(95): Illuminate/Container/Util::unwrapIfClosure(Object(Closure))
#5 D:/Guised Up/backend/laravel/vendor/laravel/framework/src/Illuminate/Container/BoundMethod.php(35): Illuminate/Container/BoundMethod::callBoundMethod(Object(Illuminate/Foundation/Application), Array, Object(Closure))
#6 D:/Guised Up/backend/laravel/vendor/laravel/framework/src/Illuminate/Container/Container.php(696): Illuminate/Container/BoundMethod::call(Object(Illuminate/Foundation/Application), Array, Array, NULL)
#7 D:/Guised Up/backend/laravel/vendor/laravel/framework/src/Illuminate/Console/Command.php(213): Illuminate/Container/Container->call(Array)
#8 D:/Guised Up/backend/laravel/vendor/symfony/console/Command/Command.php(341): Illuminate/Console/Command->execute(Object(Symfony/Component/Console/Input/ArgvInput), Object(Illuminate/Console/OutputStyle))
#9 D:/Guised Up/backend/laravel/vendor/laravel/framework/src/Illuminate/Console/Command.php(182): Symfony/Component/Console/Command/Command->run(Object(Symfony/Component/Console/Input/ArgvInput), Object(Illuminate/Console/OutputStyle))
#10 D:/Guised Up/backend/laravel/vendor/symfony/console/Application.php(1117): Illuminate/Console/Command->run(Object(Symfony/Component/Console/Input/ArgvInput), Object(Symfony/Component/Console/Output/ConsoleOutput))
#11 D:/Guised Up/backend/laravel/vendor/symfony/console/Application.php(356): Symfony/Component/Console/Application->doRunCommand(Object(Illuminate/Foundation/Console/ServeCommand), Object(Symfony/Component/Console/Input/ArgvInput), Object(Symfony/Component/Console/Output/ConsoleOutput))
#12 D:/Guised Up/backend/laravel/vendor/symfony/console/Application.php(195): Symfony/Component/Console/Application->doRun(Object(Symfony/Component/Console/Input/ArgvInput), Object(Symfony/Component/Console/Output/ConsoleOutput))
#13 D:/Guised Up/backend/laravel/vendor/laravel/framework/src/Illuminate/Foundation/Console/Kernel.php(198): Symfony/Component/Console/Application->run(Object(Symfony/Component/Console/Input/ArgvInput), Object(Symfony/Component/Console/Output/ConsoleOutput))
#14 D:/Guised Up/backend/laravel/artisan(10): Illuminate/Foundation/Console/Kernel->handle(Object(Symfony/Component/Console/Input/ArgvInput), Object(Symfony/Component/Console/Output/ConsoleOutput))
#15 {main}
"} 
[2026-07-10 03:54:41] local.ERROR: could not find driver (Connection: pgsql, SQL: select exists (select 1 from pg_class c, pg_namespace n where n.nspname = 'public' and c.relname = 'migrations' and c.relkind in ('r', 'p') and n.oid = c.relnamespace)) {"exception":"[object] (Illuminate\\Database\\QueryException(code: 0): could not find driver (Connection: pgsql, SQL: select exists (select 1 from pg_class c, pg_namespace n where n.nspname = 'public' and c.relname = 'migrations' and c.relkind in ('r', 'p') and n.oid = c.relnamespace)) at C:/Users/kk867/Downloads/Guised Up/Guised Up/backend/laravel/vendor/laravel/framework/src/Illuminate/Database/Connection.php:825)
[stacktrace]
#0 C:/Users/kk867/Downloads/Guised Up/Guised Up/backend/laravel/vendor/laravel/framework/src/Illuminate/Database/Connection.php(779): Illuminate/Database/Connection->runQueryCallback()
#1 C:/Users/kk867/Downloads/Guised Up/Guised Up/backend/laravel/vendor/laravel/framework/src/Illuminate/Database/Connection.php(398): Illuminate/Database/Connection->run()
#2 C:/Users/kk867/Downloads/Guised Up/Guised Up/backend/laravel/vendor/laravel/framework/src/Illuminate/Database/Connection.php(344): Illuminate/Database/Connection->select()
#3 C:/Users/kk867/Downloads/Guised Up/Guised Up/backend/laravel/vendor/laravel/framework/src/Illuminate/Database/Connection.php(361): Illuminate/Database/Connection->selectOne()
#4 C:/Users/kk867/Downloads/Guised Up/Guised Up/backend/laravel/vendor/laravel/framework/src/Illuminate/Database/Schema/PostgresBuilder.php(52): Illuminate/Database/Connection->scalar()
#5 C:/Users/kk867/Downloads/Guised Up/Guised Up/backend/laravel/vendor/laravel/framework/src/Illuminate/Database/Migrations/DatabaseMigrationRepository.php(184): Illuminate/Database/Schema/PostgresBuilder->hasTable()
#6 C:/Users/kk867/Downloads/Guised Up/Guised Up/backend/laravel/vendor/laravel/framework/src/Illuminate/Database/Migrations/Migrator.php(742): Illuminate/Database/Migrations/DatabaseMigrationRepository->repositoryExists()
#7 C:/Users/kk867/Downloads/Guised Up/Guised Up/backend/laravel/vendor/laravel/framework/src/Illuminate/Database/Console/Migrations/MigrateCommand.php(165): Illuminate/Database/Migrations/Migrator->repositoryExists()
#8 C:/Users/kk867/Downloads/Guised Up/Guised Up/backend/laravel/vendor/laravel/framework/src/Illuminate/Support/helpers.php(338): Illuminate/Database/Console/Migrations/MigrateCommand->{closure:Illuminate/Database/Console/Migrations/MigrateCommand::repositoryExists():165}()
#9 C:/Users/kk867/Downloads/Guised Up/Guised Up/backend/laravel/vendor/laravel/framework/src/Illuminate/Database/Console/Migrations/MigrateCommand.php(165): retry()
#10 C:/Users/kk867/Downloads/Guised Up/Guised Up/backend/laravel/vendor/laravel/framework/src/Illuminate/Database/Console/Migrations/MigrateCommand.php(141): Illuminate/Database/Console/Migrations/MigrateCommand->repositoryExists()
#11 C:/Users/kk867/Downloads/Guised Up/Guised Up/backend/laravel/vendor/laravel/framework/src/Illuminate/Database/Console/Migrations/MigrateCommand.php(111): Illuminate/Database/Console/Migrations/MigrateCommand->prepareDatabase()
#12 C:/Users/kk867/Downloads/Guised Up/Guised Up/backend/laravel/vendor/laravel/framework/src/Illuminate/Database/Migrations/Migrator.php(658): Illuminate/Database/Console/Migrations/MigrateCommand->{closure:Illuminate/Database/Console/Migrations/MigrateCommand::runMigrations():110}()
#13 C:/Users/kk867/Downloads/Guised Up/Guised Up/backend/laravel/vendor/laravel/framework/src/Illuminate/Database/Console/Migrations/MigrateCommand.php(110): Illuminate/Database/Migrations/Migrator->usingConnection()
#14 C:/Users/kk867/Downloads/Guised Up/Guised Up/backend/laravel/vendor/laravel/framework/src/Illuminate/Database/Console/Migrations/MigrateCommand.php(89): Illuminate/Database/Console/Migrations/MigrateCommand->runMigrations()
#15 C:/Users/kk867/Downloads/Guised Up/Guised Up/backend/laravel/vendor/laravel/framework/src/Illuminate/Container/BoundMethod.php(36): Illuminate/Database/Console/Migrations/MigrateCommand->handle()
#16 C:/Users/kk867/Downloads/Guised Up/Guised Up/backend/laravel/vendor/laravel/framework/src/Illuminate/Container/Util.php(43): Illuminate/Container/BoundMethod::{closure:Illuminate/Container/BoundMethod::call():35}()
#17 C:/Users/kk867/Downloads/Guised Up/Guised Up/backend/laravel/vendor/laravel/framework/src/Illuminate/Container/BoundMethod.php(95): Illuminate/Container/Util::unwrapIfClosure()
#18 C:/Users/kk867/Downloads/Guised Up/Guised Up/backend/laravel/vendor/laravel/framework/src/Illuminate/Container/BoundMethod.php(35): Illuminate/Container/BoundMethod::callBoundMethod()
#19 C:/Users/kk867/Downloads/Guised Up/Guised Up/backend/laravel/vendor/laravel/framework/src/Illuminate/Container/Container.php(696): Illuminate/Container/BoundMethod::call()
#20 C:/Users/kk867/Downloads/Guised Up/Guised Up/backend/laravel/vendor/laravel/framework/src/Illuminate/Console/Command.php(213): Illuminate/Container/Container->call()
#21 C:/Users/kk867/Downloads/Guised Up/Guised Up/backend/laravel/vendor/symfony/console/Command/Command.php(341): Illuminate/Console/Command->execute()
#22 C:/Users/kk867/Downloads/Guised Up/Guised Up/backend/laravel/vendor/laravel/framework/src/Illuminate/Console/Command.php(182): Symfony/Component/Console/Command/Command->run()
#23 C:/Users/kk867/Downloads/Guised Up/Guised Up/backend/laravel/vendor/symfony/console/Application.php(1117): Illuminate/Console/Command->run()
#24 C:/Users/kk867/Downloads/Guised Up/Guised Up/backend/laravel/vendor/symfony/console/Application.php(356): Symfony/Component/Console/Application->doRunCommand()
#25 C:/Users/kk867/Downloads/Guised Up/Guised Up/backend/laravel/vendor/symfony/console/Application.php(195): Symfony/Component/Console/Application->doRun()
#26 C:/Users/kk867/Downloads/Guised Up/Guised Up/backend/laravel/vendor/laravel/framework/src/Illuminate/Foundation/Console/Kernel.php(198): Symfony/Component/Console/Application->run()
#27 C:/Users/kk867/Downloads/Guised Up/Guised Up/backend/laravel/artisan(10): Illuminate/Foundation/Console/Kernel->handle()
#28 {main}

[previous exception] [object] (PDOException(code: 0): could not find driver at C:/Users/kk867/Downloads/Guised Up/Guised Up/backend/laravel/vendor/laravel/framework/src/Illuminate/Database/Connectors/Connector.php:67)
[stacktrace]
#0 C:/Users/kk867/Downloads/Guised Up/Guised Up/backend/laravel/vendor/laravel/framework/src/Illuminate/Database/Connectors/Connector.php(67): PDO::connect()
#1 C:/Users/kk867/Downloads/Guised Up/Guised Up/backend/laravel/vendor/laravel/framework/src/Illuminate/Database/Connectors/Connector.php(44): Illuminate/Database/Connectors/Connector->createPdoConnection()
#2 C:/Users/kk867/Downloads/Guised Up/Guised Up/backend/laravel/vendor/laravel/framework/src/Illuminate/Database/Connectors/PostgresConnector.php(35): Illuminate/Database/Connectors/Connector->createConnection()
#3 C:/Users/kk867/Downloads/Guised Up/Guised Up/backend/laravel/vendor/laravel/framework/src/Illuminate/Database/Connectors/ConnectionFactory.php(185): Illuminate/Database/Connectors/PostgresConnector->connect()
#4 [internal function]: Illuminate/Database/Connectors/ConnectionFactory->{closure:Illuminate/Database/Connectors/ConnectionFactory::createPdoResolverWithHosts():180}()
#5 C:/Users/kk867/Downloads/Guised Up/Guised Up/backend/laravel/vendor/laravel/framework/src/Illuminate/Database/Connection.php(1231): call_user_func()
#6 C:/Users/kk867/Downloads/Guised Up/Guised Up/backend/laravel/vendor/laravel/framework/src/Illuminate/Database/Connection.php(1267): Illuminate/Database/Connection->getPdo()
#7 C:/Users/kk867/Downloads/Guised Up/Guised Up/backend/laravel/vendor/laravel/framework/src/Illuminate/Database/Connection.php(512): Illuminate/Database/Connection->getReadPdo()
#8 C:/Users/kk867/Downloads/Guised Up/Guised Up/backend/laravel/vendor/laravel/framework/src/Illuminate/Database/Connection.php(407): Illuminate/Database/Connection->getPdoForSelect()
#9 C:/Users/kk867/Downloads/Guised Up/Guised Up/backend/laravel/vendor/laravel/framework/src/Illuminate/Database/Connection.php(812): Illuminate/Database/Connection->{closure:Illuminate/Database/Connection::select():398}()
#10 C:/Users/kk867/Downloads/Guised Up/Guised Up/backend/laravel/vendor/laravel/framework/src/Illuminate/Database/Connection.php(779): Illuminate/Database/Connection->runQueryCallback()
#11 C:/Users/kk867/Downloads/Guised Up/Guised Up/backend/laravel/vendor/laravel/framework/src/Illuminate/Database/Connection.php(398): Illuminate/Database/Connection->run()
#12 C:/Users/kk867/Downloads/Guised Up/Guised Up/backend/laravel/vendor/laravel/framework/src/Illuminate/Database/Connection.php(344): Illuminate/Database/Connection->select()
#13 C:/Users/kk867/Downloads/Guised Up/Guised Up/backend/laravel/vendor/laravel/framework/src/Illuminate/Database/Connection.php(361): Illuminate/Database/Connection->selectOne()
#14 C:/Users/kk867/Downloads/Guised Up/Guised Up/backend/laravel/vendor/laravel/framework/src/Illuminate/Database/Schema/PostgresBuilder.php(52): Illuminate/Database/Connection->scalar()
#15 C:/Users/kk867/Downloads/Guised Up/Guised Up/backend/laravel/vendor/laravel/framework/src/Illuminate/Database/Migrations/DatabaseMigrationRepository.php(184): Illuminate/Database/Schema/PostgresBuilder->hasTable()
#16 C:/Users/kk867/Downloads/Guised Up/Guised Up/backend/laravel/vendor/laravel/framework/src/Illuminate/Database/Migrations/Migrator.php(742): Illuminate/Database/Migrations/DatabaseMigrationRepository->repositoryExists()
#17 C:/Users/kk867/Downloads/Guised Up/Guised Up/backend/laravel/vendor/laravel/framework/src/Illuminate/Database/Console/Migrations/MigrateCommand.php(165): Illuminate/Database/Migrations/Migrator->repositoryExists()
#18 C:/Users/kk867/Downloads/Guised Up/Guised Up/backend/laravel/vendor/laravel/framework/src/Illuminate/Support/helpers.php(338): Illuminate/Database/Console/Migrations/MigrateCommand->{closure:Illuminate/Database/Console/Migrations/MigrateCommand::repositoryExists():165}()
#19 C:/Users/kk867/Downloads/Guised Up/Guised Up/backend/laravel/vendor/laravel/framework/src/Illuminate/Database/Console/Migrations/MigrateCommand.php(165): retry()
#20 C:/Users/kk867/Downloads/Guised Up/Guised Up/backend/laravel/vendor/laravel/framework/src/Illuminate/Database/Console/Migrations/MigrateCommand.php(141): Illuminate/Database/Console/Migrations/MigrateCommand->repositoryExists()
#21 C:/Users/kk867/Downloads/Guised Up/Guised Up/backend/laravel/vendor/laravel/framework/src/Illuminate/Database/Console/Migrations/MigrateCommand.php(111): Illuminate/Database/Console/Migrations/MigrateCommand->prepareDatabase()
#22 C:/Users/kk867/Downloads/Guised Up/Guised Up/backend/laravel/vendor/laravel/framework/src/Illuminate/Database/Migrations/Migrator.php(658): Illuminate/Database/Console/Migrations/MigrateCommand->{closure:Illuminate/Database/Console/Migrations/MigrateCommand::runMigrations():110}()
#23 C:/Users/kk867/Downloads/Guised Up/Guised Up/backend/laravel/vendor/laravel/framework/src/Illuminate/Database/Console/Migrations/MigrateCommand.php(110): Illuminate/Database/Migrations/Migrator->usingConnection()
#24 C:/Users/kk867/Downloads/Guised Up/Guised Up/backend/laravel/vendor/laravel/framework/src/Illuminate/Database/Console/Migrations/MigrateCommand.php(89): Illuminate/Database/Console/Migrations/MigrateCommand->runMigrations()
#25 C:/Users/kk867/Downloads/Guised Up/Guised Up/backend/laravel/vendor/laravel/framework/src/Illuminate/Container/BoundMethod.php(36): Illuminate/Database/Console/Migrations/MigrateCommand->handle()
#26 C:/Users/kk867/Downloads/Guised Up/Guised Up/backend/laravel/vendor/laravel/framework/src/Illuminate/Container/Util.php(43): Illuminate/Container/BoundMethod::{closure:Illuminate/Container/BoundMethod::call():35}()
#27 C:/Users/kk867/Downloads/Guised Up/Guised Up/backend/laravel/vendor/laravel/framework/src/Illuminate/Container/BoundMethod.php(95): Illuminate/Container/Util::unwrapIfClosure()
#28 C:/Users/kk867/Downloads/Guised Up/Guised Up/backend/laravel/vendor/laravel/framework/src/Illuminate/Container/BoundMethod.php(35): Illuminate/Container/BoundMethod::callBoundMethod()
#29 C:/Users/kk867/Downloads/Guised Up/Guised Up/backend/laravel/vendor/laravel/framework/src/Illuminate/Container/Container.php(696): Illuminate/Container/BoundMethod::call()
#30 C:/Users/kk867/Downloads/Guised Up/Guised Up/backend/laravel/vendor/laravel/framework/src/Illuminate/Console/Command.php(213): Illuminate/Container/Container->call()
#31 C:/Users/kk867/Downloads/Guised Up/Guised Up/backend/laravel/vendor/symfony/console/Command/Command.php(341): Illuminate/Console/Command->execute()
#32 C:/Users/kk867/Downloads/Guised Up/Guised Up/backend/laravel/vendor/laravel/framework/src/Illuminate/Console/Command.php(182): Symfony/Component/Console/Command/Command->run()
#33 C:/Users/kk867/Downloads/Guised Up/Guised Up/backend/laravel/vendor/symfony/console/Application.php(1117): Illuminate/Console/Command->run()
#34 C:/Users/kk867/Downloads/Guised Up/Guised Up/backend/laravel/vendor/symfony/console/Application.php(356): Symfony/Component/Console/Application->doRunCommand()
#35 C:/Users/kk867/Downloads/Guised Up/Guised Up/backend/laravel/vendor/symfony/console/Application.php(195): Symfony/Component/Console/Application->doRun()
#36 C:/Users/kk867/Downloads/Guised Up/Guised Up/backend/laravel/vendor/laravel/framework/src/Illuminate/Foundation/Console/Kernel.php(198): Symfony/Component/Console/Application->run()
#37 C:/Users/kk867/Downloads/Guised Up/Guised Up/backend/laravel/artisan(10): Illuminate/Foundation/Console/Kernel->handle()
#38 {main}
"} 
[2026-07-10 13:51:13] local.ERROR: Class "App\Http\Controllers\Controller" not found {"exception":"[object] (Error(code: 0): Class \"App\\Http\\Controllers\\Controller\" not found at C:/Users/kk867/Downloads/Guised Up/Guised Up/backend/laravel/app/Http/Controllers/FeedController.php:9)
[stacktrace]
#0 C:/Users/kk867/Downloads/Guised Up/Guised Up/backend/laravel/vendor/composer/ClassLoader.php(576): include()
#1 C:/Users/kk867/Downloads/Guised Up/Guised Up/backend/laravel/vendor/composer/ClassLoader.php(427): {closure:Composer/Autoload/ClassLoader::initializeIncludeClosure():575}()
#2 [internal function]: Composer/Autoload/ClassLoader->loadClass()
#3 C:/Users/kk867/Downloads/Guised Up/Guised Up/backend/laravel/vendor/laravel/framework/src/Illuminate/Routing/Route.php(1117): is_a()
#4 C:/Users/kk867/Downloads/Guised Up/Guised Up/backend/laravel/vendor/laravel/framework/src/Illuminate/Routing/Route.php(1054): Illuminate/Routing/Route->controllerMiddleware()
#5 C:/Users/kk867/Downloads/Guised Up/Guised Up/backend/laravel/vendor/laravel/framework/src/Illuminate/Routing/Router.php(820): Illuminate/Routing/Route->gatherMiddleware()
#6 C:/Users/kk867/Downloads/Guised Up/Guised Up/backend/laravel/vendor/laravel/framework/src/Illuminate/Routing/Router.php(802): Illuminate/Routing/Router->gatherRouteMiddleware()
#7 C:/Users/kk867/Downloads/Guised Up/Guised Up/backend/laravel/vendor/laravel/framework/src/Illuminate/Routing/Router.php(786): Illuminate/Routing/Router->runRouteWithinStack()
#8 C:/Users/kk867/Downloads/Guised Up/Guised Up/backend/laravel/vendor/laravel/framework/src/Illuminate/Routing/Router.php(750): Illuminate/Routing/Router->runRoute()
#9 C:/Users/kk867/Downloads/Guised Up/Guised Up/backend/laravel/vendor/laravel/framework/src/Illuminate/Routing/Router.php(739): Illuminate/Routing/Router->dispatchToRoute()
#10 C:/Users/kk867/Downloads/Guised Up/Guised Up/backend/laravel/vendor/laravel/framework/src/Illuminate/Foundation/Http/Kernel.php(201): Illuminate/Routing/Router->dispatch()
#11 C:/Users/kk867/Downloads/Guised Up/Guised Up/backend/laravel/vendor/laravel/framework/src/Illuminate/Pipeline/Pipeline.php(170): Illuminate/Foundation/Http/Kernel->{closure:Illuminate/Foundation/Http/Kernel::dispatchToRouter():198}()
#12 C:/Users/kk867/Downloads/Guised Up/Guised Up/backend/laravel/vendor/laravel/framework/src/Illuminate/Foundation/Http/Middleware/TransformsRequest.php(21): Illuminate/Pipeline/Pipeline->{closure:Illuminate/Pipeline/Pipeline::prepareDestination():168}()
#13 C:/Users/kk867/Downloads/Guised Up/Guised Up/backend/laravel/vendor/laravel/framework/src/Illuminate/Foundation/Http/Middleware/ConvertEmptyStringsToNull.php(31): Illuminate/Foundation/Http/Middleware/TransformsRequest->handle()
#14 C:/Users/kk867/Downloads/Guised Up/Guised Up/backend/laravel/vendor/laravel/framework/src/Illuminate/Pipeline/Pipeline.php(209): Illuminate/Foundation/Http/Middleware/ConvertEmptyStringsToNull->handle()
#15 C:/Users/kk867/Downloads/Guised Up/Guised Up/backend/laravel/vendor/laravel/framework/src/Illuminate/Foundation/Http/Middleware/TransformsRequest.php(21): Illuminate/Pipeline/Pipeline->{closure:{closure:Illuminate/Pipeline/Pipeline::carry():184}:185}()
#16 C:/Users/kk867/Downloads/Guised Up/Guised Up/backend/laravel/vendor/laravel/framework/src/Illuminate/Foundation/Http/Middleware/TrimStrings.php(51): Illuminate/Foundation/Http/Middleware/TransformsRequest->handle()
#17 C:/Users/kk867/Downloads/Guised Up/Guised Up/backend/laravel/vendor/laravel/framework/src/Illuminate/Pipeline/Pipeline.php(209): Illuminate/Foundation/Http/Middleware/TrimStrings->handle()
#18 C:/Users/kk867/Downloads/Guised Up/Guised Up/backend/laravel/vendor/laravel/framework/src/Illuminate/Http/Middleware/ValidatePostSize.php(27): Illuminate/Pipeline/Pipeline->{closure:{closure:Illuminate/Pipeline/Pipeline::carry():184}:185}()
#19 C:/Users/kk867/Downloads/Guised Up/Guised Up/backend/laravel/vendor/laravel/framework/src/Illuminate/Pipeline/Pipeline.php(209): Illuminate/Http/Middleware/ValidatePostSize->handle()
#20 C:/Users/kk867/Downloads/Guised Up/Guised Up/backend/laravel/vendor/laravel/framework/src/Illuminate/Foundation/Http/Middleware/PreventRequestsDuringMaintenance.php(110): Illuminate/Pipeline/Pipeline->{closure:{closure:Illuminate/Pipeline/Pipeline::carry():184}:185}()
#21 C:/Users/kk867/Downloads/Guised Up/Guised Up/backend/laravel/vendor/laravel/framework/src/Illuminate/Pipeline/Pipeline.php(209): Illuminate/Foundation/Http/Middleware/PreventRequestsDuringMaintenance->handle()
#22 C:/Users/kk867/Downloads/Guised Up/Guised Up/backend/laravel/vendor/laravel/framework/src/Illuminate/Http/Middleware/HandleCors.php(62): Illuminate/Pipeline/Pipeline->{closure:{closure:Illuminate/Pipeline/Pipeline::carry():184}:185}()
#23 C:/Users/kk867/Downloads/Guised Up/Guised Up/backend/laravel/vendor/laravel/framework/src/Illuminate/Pipeline/Pipeline.php(209): Illuminate/Http/Middleware/HandleCors->handle()
#24 C:/Users/kk867/Downloads/Guised Up/Guised Up/backend/laravel/vendor/laravel/framework/src/Illuminate/Http/Middleware/TrustProxies.php(58): Illuminate/Pipeline/Pipeline->{closure:{closure:Illuminate/Pipeline/Pipeline::carry():184}:185}()
#25 C:/Users/kk867/Downloads/Guised Up/Guised Up/backend/laravel/vendor/laravel/framework/src/Illuminate/Pipeline/Pipeline.php(209): Illuminate/Http/Middleware/TrustProxies->handle()
#26 C:/Users/kk867/Downloads/Guised Up/Guised Up/backend/laravel/vendor/laravel/framework/src/Illuminate/Foundation/Http/Middleware/InvokeDeferredCallbacks.php(22): Illuminate/Pipeline/Pipeline->{closure:{closure:Illuminate/Pipeline/Pipeline::carry():184}:185}()
#27 C:/Users/kk867/Downloads/Guised Up/Guised Up/backend/laravel/vendor/laravel/framework/src/Illuminate/Pipeline/Pipeline.php(209): Illuminate/Foundation/Http/Middleware/InvokeDeferredCallbacks->handle()
#28 C:/Users/kk867/Downloads/Guised Up/Guised Up/backend/laravel/vendor/laravel/framework/src/Illuminate/Pipeline/Pipeline.php(127): Illuminate/Pipeline/Pipeline->{closure:{closure:Illuminate/Pipeline/Pipeline::carry():184}:185}()
#29 C:/Users/kk867/Downloads/Guised Up/Guised Up/backend/laravel/vendor/laravel/framework/src/Illuminate/Foundation/Http/Kernel.php(176): Illuminate/Pipeline/Pipeline->then()
#30 C:/Users/kk867/Downloads/Guised Up/Guised Up/backend/laravel/vendor/laravel/framework/src/Illuminate/Foundation/Http/Kernel.php(145): Illuminate/Foundation/Http/Kernel->sendRequestThroughRouter()
#31 C:/Users/kk867/Downloads/Guised Up/Guised Up/backend/laravel/public/index.php(10): Illuminate/Foundation/Http/Kernel->handle()
#32 C:/Users/kk867/Downloads/Guised Up/Guised Up/backend/laravel/vendor/laravel/framework/src/Illuminate/Foundation/resources/server.php(23): require_once('...')
#33 {main}
"} 
[2026-07-10 13:52:43] local.ERROR: Class "App\Http\Controllers\Controller" not found {"exception":"[object] (Error(code: 0): Class \"App\\Http\\Controllers\\Controller\" not found at C:/Users/kk867/Downloads/Guised Up/Guised Up/backend/laravel/app/Http/Controllers/FeedController.php:9)
[stacktrace]
#0 C:/Users/kk867/Downloads/Guised Up/Guised Up/backend/laravel/vendor/composer/ClassLoader.php(576): include()
#1 C:/Users/kk867/Downloads/Guised Up/Guised Up/backend/laravel/vendor/composer/ClassLoader.php(427): {closure:Composer/Autoload/ClassLoader::initializeIncludeClosure():575}()
#2 [internal function]: Composer/Autoload/ClassLoader->loadClass()
#3 C:/Users/kk867/Downloads/Guised Up/Guised Up/backend/laravel/vendor/laravel/framework/src/Illuminate/Routing/Route.php(1117): is_a()
#4 C:/Users/kk867/Downloads/Guised Up/Guised Up/backend/laravel/vendor/laravel/framework/src/Illuminate/Routing/Route.php(1054): Illuminate/Routing/Route->controllerMiddleware()
#5 C:/Users/kk867/Downloads/Guised Up/Guised Up/backend/laravel/vendor/laravel/framework/src/Illuminate/Routing/Router.php(820): Illuminate/Routing/Route->gatherMiddleware()
#6 C:/Users/kk867/Downloads/Guised Up/Guised Up/backend/laravel/vendor/laravel/framework/src/Illuminate/Routing/Router.php(802): Illuminate/Routing/Router->gatherRouteMiddleware()
#7 C:/Users/kk867/Downloads/Guised Up/Guised Up/backend/laravel/vendor/laravel/framework/src/Illuminate/Routing/Router.php(786): Illuminate/Routing/Router->runRouteWithinStack()
#8 C:/Users/kk867/Downloads/Guised Up/Guised Up/backend/laravel/vendor/laravel/framework/src/Illuminate/Routing/Router.php(750): Illuminate/Routing/Router->runRoute()
#9 C:/Users/kk867/Downloads/Guised Up/Guised Up/backend/laravel/vendor/laravel/framework/src/Illuminate/Routing/Router.php(739): Illuminate/Routing/Router->dispatchToRoute()
#10 C:/Users/kk867/Downloads/Guised Up/Guised Up/backend/laravel/vendor/laravel/framework/src/Illuminate/Foundation/Http/Kernel.php(201): Illuminate/Routing/Router->dispatch()
#11 C:/Users/kk867/Downloads/Guised Up/Guised Up/backend/laravel/vendor/laravel/framework/src/Illuminate/Pipeline/Pipeline.php(170): Illuminate/Foundation/Http/Kernel->{closure:Illuminate/Foundation/Http/Kernel::dispatchToRouter():198}()
#12 C:/Users/kk867/Downloads/Guised Up/Guised Up/backend/laravel/vendor/laravel/framework/src/Illuminate/Foundation/Http/Middleware/TransformsRequest.php(21): Illuminate/Pipeline/Pipeline->{closure:Illuminate/Pipeline/Pipeline::prepareDestination():168}()
#13 C:/Users/kk867/Downloads/Guised Up/Guised Up/backend/laravel/vendor/laravel/framework/src/Illuminate/Foundation/Http/Middleware/ConvertEmptyStringsToNull.php(31): Illuminate/Foundation/Http/Middleware/TransformsRequest->handle()
#14 C:/Users/kk867/Downloads/Guised Up/Guised Up/backend/laravel/vendor/laravel/framework/src/Illuminate/Pipeline/Pipeline.php(209): Illuminate/Foundation/Http/Middleware/ConvertEmptyStringsToNull->handle()
#15 C:/Users/kk867/Downloads/Guised Up/Guised Up/backend/laravel/vendor/laravel/framework/src/Illuminate/Foundation/Http/Middleware/TransformsRequest.php(21): Illuminate/Pipeline/Pipeline->{closure:{closure:Illuminate/Pipeline/Pipeline::carry():184}:185}()
#16 C:/Users/kk867/Downloads/Guised Up/Guised Up/backend/laravel/vendor/laravel/framework/src/Illuminate/Foundation/Http/Middleware/TrimStrings.php(51): Illuminate/Foundation/Http/Middleware/TransformsRequest->handle()
#17 C:/Users/kk867/Downloads/Guised Up/Guised Up/backend/laravel/vendor/laravel/framework/src/Illuminate/Pipeline/Pipeline.php(209): Illuminate/Foundation/Http/Middleware/TrimStrings->handle()
#18 C:/Users/kk867/Downloads/Guised Up/Guised Up/backend/laravel/vendor/laravel/framework/src/Illuminate/Http/Middleware/ValidatePostSize.php(27): Illuminate/Pipeline/Pipeline->{closure:{closure:Illuminate/Pipeline/Pipeline::carry():184}:185}()
#19 C:/Users/kk867/Downloads/Guised Up/Guised Up/backend/laravel/vendor/laravel/framework/src/Illuminate/Pipeline/Pipeline.php(209): Illuminate/Http/Middleware/ValidatePostSize->handle()
#20 C:/Users/kk867/Downloads/Guised Up/Guised Up/backend/laravel/vendor/laravel/framework/src/Illuminate/Foundation/Http/Middleware/PreventRequestsDuringMaintenance.php(110): Illuminate/Pipeline/Pipeline->{closure:{closure:Illuminate/Pipeline/Pipeline::carry():184}:185}()
#21 C:/Users/kk867/Downloads/Guised Up/Guised Up/backend/laravel/vendor/laravel/framework/src/Illuminate/Pipeline/Pipeline.php(209): Illuminate/Foundation/Http/Middleware/PreventRequestsDuringMaintenance->handle()
#22 C:/Users/kk867/Downloads/Guised Up/Guised Up/backend/laravel/vendor/laravel/framework/src/Illuminate/Http/Middleware/HandleCors.php(62): Illuminate/Pipeline/Pipeline->{closure:{closure:Illuminate/Pipeline/Pipeline::carry():184}:185}()
#23 C:/Users/kk867/Downloads/Guised Up/Guised Up/backend/laravel/vendor/laravel/framework/src/Illuminate/Pipeline/Pipeline.php(209): Illuminate/Http/Middleware/HandleCors->handle()
#24 C:/Users/kk867/Downloads/Guised Up/Guised Up/backend/laravel/vendor/laravel/framework/src/Illuminate/Http/Middleware/TrustProxies.php(58): Illuminate/Pipeline/Pipeline->{closure:{closure:Illuminate/Pipeline/Pipeline::carry():184}:185}()
#25 C:/Users/kk867/Downloads/Guised Up/Guised Up/backend/laravel/vendor/laravel/framework/src/Illuminate/Pipeline/Pipeline.php(209): Illuminate/Http/Middleware/TrustProxies->handle()
#26 C:/Users/kk867/Downloads/Guised Up/Guised Up/backend/laravel/vendor/laravel/framework/src/Illuminate/Foundation/Http/Middleware/InvokeDeferredCallbacks.php(22): Illuminate/Pipeline/Pipeline->{closure:{closure:Illuminate/Pipeline/Pipeline::carry():184}:185}()
#27 C:/Users/kk867/Downloads/Guised Up/Guised Up/backend/laravel/vendor/laravel/framework/src/Illuminate/Pipeline/Pipeline.php(209): Illuminate/Foundation/Http/Middleware/InvokeDeferredCallbacks->handle()
#28 C:/Users/kk867/Downloads/Guised Up/Guised Up/backend/laravel/vendor/laravel/framework/src/Illuminate/Pipeline/Pipeline.php(127): Illuminate/Pipeline/Pipeline->{closure:{closure:Illuminate/Pipeline/Pipeline::carry():184}:185}()
#29 C:/Users/kk867/Downloads/Guised Up/Guised Up/backend/laravel/vendor/laravel/framework/src/Illuminate/Foundation/Http/Kernel.php(176): Illuminate/Pipeline/Pipeline->then()
#30 C:/Users/kk867/Downloads/Guised Up/Guised Up/backend/laravel/vendor/laravel/framework/src/Illuminate/Foundation/Http/Kernel.php(145): Illuminate/Foundation/Http/Kernel->sendRequestThroughRouter()
#31 C:/Users/kk867/Downloads/Guised Up/Guised Up/backend/laravel/public/index.php(10): Illuminate/Foundation/Http/Kernel->handle()
#32 C:/Users/kk867/Downloads/Guised Up/Guised Up/backend/laravel/vendor/laravel/framework/src/Illuminate/Foundation/resources/server.php(23): require_once('...')
#33 {main}
"} 
[2026-07-10 13:52:43] local.ERROR: Class "App\Http\Controllers\Controller" not found {"exception":"[object] (Error(code: 0): Class \"App\\Http\\Controllers\\Controller\" not found at C:/Users/kk867/Downloads/Guised Up/Guised Up/backend/laravel/app/Http/Controllers/FeedController.php:9)
[stacktrace]
#0 C:/Users/kk867/Downloads/Guised Up/Guised Up/backend/laravel/vendor/composer/ClassLoader.php(576): include()
#1 C:/Users/kk867/Downloads/Guised Up/Guised Up/backend/laravel/vendor/composer/ClassLoader.php(427): {closure:Composer/Autoload/ClassLoader::initializeIncludeClosure():575}()
#2 [internal function]: Composer/Autoload/ClassLoader->loadClass()
#3 C:/Users/kk867/Downloads/Guised Up/Guised Up/backend/laravel/vendor/laravel/framework/src/Illuminate/Routing/Route.php(1117): is_a()
#4 C:/Users/kk867/Downloads/Guised Up/Guised Up/backend/laravel/vendor/laravel/framework/src/Illuminate/Routing/Route.php(1054): Illuminate/Routing/Route->controllerMiddleware()
#5 C:/Users/kk867/Downloads/Guised Up/Guised Up/backend/laravel/vendor/laravel/framework/src/Illuminate/Routing/Router.php(820): Illuminate/Routing/Route->gatherMiddleware()
#6 C:/Users/kk867/Downloads/Guised Up/Guised Up/backend/laravel/vendor/laravel/framework/src/Illuminate/Routing/Router.php(802): Illuminate/Routing/Router->gatherRouteMiddleware()
#7 C:/Users/kk867/Downloads/Guised Up/Guised Up/backend/laravel/vendor/laravel/framework/src/Illuminate/Routing/Router.php(786): Illuminate/Routing/Router->runRouteWithinStack()
#8 C:/Users/kk867/Downloads/Guised Up/Guised Up/backend/laravel/vendor/laravel/framework/src/Illuminate/Routing/Router.php(750): Illuminate/Routing/Router->runRoute()
#9 C:/Users/kk867/Downloads/Guised Up/Guised Up/backend/laravel/vendor/laravel/framework/src/Illuminate/Routing/Router.php(739): Illuminate/Routing/Router->dispatchToRoute()
#10 C:/Users/kk867/Downloads/Guised Up/Guised Up/backend/laravel/vendor/laravel/framework/src/Illuminate/Foundation/Http/Kernel.php(201): Illuminate/Routing/Router->dispatch()
#11 C:/Users/kk867/Downloads/Guised Up/Guised Up/backend/laravel/vendor/laravel/framework/src/Illuminate/Pipeline/Pipeline.php(170): Illuminate/Foundation/Http/Kernel->{closure:Illuminate/Foundation/Http/Kernel::dispatchToRouter():198}()
#12 C:/Users/kk867/Downloads/Guised Up/Guised Up/backend/laravel/vendor/laravel/framework/src/Illuminate/Foundation/Http/Middleware/TransformsRequest.php(21): Illuminate/Pipeline/Pipeline->{closure:Illuminate/Pipeline/Pipeline::prepareDestination():168}()
#13 C:/Users/kk867/Downloads/Guised Up/Guised Up/backend/laravel/vendor/laravel/framework/src/Illuminate/Foundation/Http/Middleware/ConvertEmptyStringsToNull.php(31): Illuminate/Foundation/Http/Middleware/TransformsRequest->handle()
#14 C:/Users/kk867/Downloads/Guised Up/Guised Up/backend/laravel/vendor/laravel/framework/src/Illuminate/Pipeline/Pipeline.php(209): Illuminate/Foundation/Http/Middleware/ConvertEmptyStringsToNull->handle()
#15 C:/Users/kk867/Downloads/Guised Up/Guised Up/backend/laravel/vendor/laravel/framework/src/Illuminate/Foundation/Http/Middleware/TransformsRequest.php(21): Illuminate/Pipeline/Pipeline->{closure:{closure:Illuminate/Pipeline/Pipeline::carry():184}:185}()
#16 C:/Users/kk867/Downloads/Guised Up/Guised Up/backend/laravel/vendor/laravel/framework/src/Illuminate/Foundation/Http/Middleware/TrimStrings.php(51): Illuminate/Foundation/Http/Middleware/TransformsRequest->handle()
#17 C:/Users/kk867/Downloads/Guised Up/Guised Up/backend/laravel/vendor/laravel/framework/src/Illuminate/Pipeline/Pipeline.php(209): Illuminate/Foundation/Http/Middleware/TrimStrings->handle()
#18 C:/Users/kk867/Downloads/Guised Up/Guised Up/backend/laravel/vendor/laravel/framework/src/Illuminate/Http/Middleware/ValidatePostSize.php(27): Illuminate/Pipeline/Pipeline->{closure:{closure:Illuminate/Pipeline/Pipeline::carry():184}:185}()
#19 C:/Users/kk867/Downloads/Guised Up/Guised Up/backend/laravel/vendor/laravel/framework/src/Illuminate/Pipeline/Pipeline.php(209): Illuminate/Http/Middleware/ValidatePostSize->handle()
#20 C:/Users/kk867/Downloads/Guised Up/Guised Up/backend/laravel/vendor/laravel/framework/src/Illuminate/Foundation/Http/Middleware/PreventRequestsDuringMaintenance.php(110): Illuminate/Pipeline/Pipeline->{closure:{closure:Illuminate/Pipeline/Pipeline::carry():184}:185}()
#21 C:/Users/kk867/Downloads/Guised Up/Guised Up/backend/laravel/vendor/laravel/framework/src/Illuminate/Pipeline/Pipeline.php(209): Illuminate/Foundation/Http/Middleware/PreventRequestsDuringMaintenance->handle()
#22 C:/Users/kk867/Downloads/Guised Up/Guised Up/backend/laravel/vendor/laravel/framework/src/Illuminate/Http/Middleware/HandleCors.php(62): Illuminate/Pipeline/Pipeline->{closure:{closure:Illuminate/Pipeline/Pipeline::carry():184}:185}()
#23 C:/Users/kk867/Downloads/Guised Up/Guised Up/backend/laravel/vendor/laravel/framework/src/Illuminate/Pipeline/Pipeline.php(209): Illuminate/Http/Middleware/HandleCors->handle()
#24 C:/Users/kk867/Downloads/Guised Up/Guised Up/backend/laravel/vendor/laravel/framework/src/Illuminate/Http/Middleware/TrustProxies.php(58): Illuminate/Pipeline/Pipeline->{closure:{closure:Illuminate/Pipeline/Pipeline::carry():184}:185}()
#25 C:/Users/kk867/Downloads/Guised Up/Guised Up/backend/laravel/vendor/laravel/framework/src/Illuminate/Pipeline/Pipeline.php(209): Illuminate/Http/Middleware/TrustProxies->handle()
#26 C:/Users/kk867/Downloads/Guised Up/Guised Up/backend/laravel/vendor/laravel/framework/src/Illuminate/Foundation/Http/Middleware/InvokeDeferredCallbacks.php(22): Illuminate/Pipeline/Pipeline->{closure:{closure:Illuminate/Pipeline/Pipeline::carry():184}:185}()
#27 C:/Users/kk867/Downloads/Guised Up/Guised Up/backend/laravel/vendor/laravel/framework/src/Illuminate/Pipeline/Pipeline.php(209): Illuminate/Foundation/Http/Middleware/InvokeDeferredCallbacks->handle()
#28 C:/Users/kk867/Downloads/Guised Up/Guised Up/backend/laravel/vendor/laravel/framework/src/Illuminate/Pipeline/Pipeline.php(127): Illuminate/Pipeline/Pipeline->{closure:{closure:Illuminate/Pipeline/Pipeline::carry():184}:185}()
#29 C:/Users/kk867/Downloads/Guised Up/Guised Up/backend/laravel/vendor/laravel/framework/src/Illuminate/Foundation/Http/Kernel.php(176): Illuminate/Pipeline/Pipeline->then()
#30 C:/Users/kk867/Downloads/Guised Up/Guised Up/backend/laravel/vendor/laravel/framework/src/Illuminate/Foundation/Http/Kernel.php(145): Illuminate/Foundation/Http/Kernel->sendRequestThroughRouter()
#31 C:/Users/kk867/Downloads/Guised Up/Guised Up/backend/laravel/public/index.php(10): Illuminate/Foundation/Http/Kernel->handle()
#32 C:/Users/kk867/Downloads/Guised Up/Guised Up/backend/laravel/vendor/laravel/framework/src/Illuminate/Foundation/resources/server.php(23): require_once('...')
#33 {main}
"} 
[2026-07-10 13:53:05] local.ERROR: Class "App\Http\Controllers\Controller" not found {"exception":"[object] (Error(code: 0): Class \"App\\Http\\Controllers\\Controller\" not found at C:/Users/kk867/Downloads/Guised Up/Guised Up/backend/laravel/app/Http/Controllers/FeedController.php:9)
[stacktrace]
#0 C:/Users/kk867/Downloads/Guised Up/Guised Up/backend/laravel/vendor/composer/ClassLoader.php(576): include()
#1 C:/Users/kk867/Downloads/Guised Up/Guised Up/backend/laravel/vendor/composer/ClassLoader.php(427): {closure:Composer/Autoload/ClassLoader::initializeIncludeClosure():575}()
#2 [internal function]: Composer/Autoload/ClassLoader->loadClass()
#3 C:/Users/kk867/Downloads/Guised Up/Guised Up/backend/laravel/vendor/laravel/framework/src/Illuminate/Routing/Route.php(1117): is_a()
#4 C:/Users/kk867/Downloads/Guised Up/Guised Up/backend/laravel/vendor/laravel/framework/src/Illuminate/Routing/Route.php(1054): Illuminate/Routing/Route->controllerMiddleware()
#5 C:/Users/kk867/Downloads/Guised Up/Guised Up/backend/laravel/vendor/laravel/framework/src/Illuminate/Routing/Router.php(820): Illuminate/Routing/Route->gatherMiddleware()
#6 C:/Users/kk867/Downloads/Guised Up/Guised Up/backend/laravel/vendor/laravel/framework/src/Illuminate/Routing/Router.php(802): Illuminate/Routing/Router->gatherRouteMiddleware()
#7 C:/Users/kk867/Downloads/Guised Up/Guised Up/backend/laravel/vendor/laravel/framework/src/Illuminate/Routing/Router.php(786): Illuminate/Routing/Router->runRouteWithinStack()
#8 C:/Users/kk867/Downloads/Guised Up/Guised Up/backend/laravel/vendor/laravel/framework/src/Illuminate/Routing/Router.php(750): Illuminate/Routing/Router->runRoute()
#9 C:/Users/kk867/Downloads/Guised Up/Guised Up/backend/laravel/vendor/laravel/framework/src/Illuminate/Routing/Router.php(739): Illuminate/Routing/Router->dispatchToRoute()
#10 C:/Users/kk867/Downloads/Guised Up/Guised Up/backend/laravel/vendor/laravel/framework/src/Illuminate/Foundation/Http/Kernel.php(201): Illuminate/Routing/Router->dispatch()
#11 C:/Users/kk867/Downloads/Guised Up/Guised Up/backend/laravel/vendor/laravel/framework/src/Illuminate/Pipeline/Pipeline.php(170): Illuminate/Foundation/Http/Kernel->{closure:Illuminate/Foundation/Http/Kernel::dispatchToRouter():198}()
#12 C:/Users/kk867/Downloads/Guised Up/Guised Up/backend/laravel/vendor/laravel/framework/src/Illuminate/Foundation/Http/Middleware/TransformsRequest.php(21): Illuminate/Pipeline/Pipeline->{closure:Illuminate/Pipeline/Pipeline::prepareDestination():168}()
#13 C:/Users/kk867/Downloads/Guised Up/Guised Up/backend/laravel/vendor/laravel/framework/src/Illuminate/Foundation/Http/Middleware/ConvertEmptyStringsToNull.php(31): Illuminate/Foundation/Http/Middleware/TransformsRequest->handle()
#14 C:/Users/kk867/Downloads/Guised Up/Guised Up/backend/laravel/vendor/laravel/framework/src/Illuminate/Pipeline/Pipeline.php(209): Illuminate/Foundation/Http/Middleware/ConvertEmptyStringsToNull->handle()
#15 C:/Users/kk867/Downloads/Guised Up/Guised Up/backend/laravel/vendor/laravel/framework/src/Illuminate/Foundation/Http/Middleware/TransformsRequest.php(21): Illuminate/Pipeline/Pipeline->{closure:{closure:Illuminate/Pipeline/Pipeline::carry():184}:185}()
#16 C:/Users/kk867/Downloads/Guised Up/Guised Up/backend/laravel/vendor/laravel/framework/src/Illuminate/Foundation/Http/Middleware/TrimStrings.php(51): Illuminate/Foundation/Http/Middleware/TransformsRequest->handle()
#17 C:/Users/kk867/Downloads/Guised Up/Guised Up/backend/laravel/vendor/laravel/framework/src/Illuminate/Pipeline/Pipeline.php(209): Illuminate/Foundation/Http/Middleware/TrimStrings->handle()
#18 C:/Users/kk867/Downloads/Guised Up/Guised Up/backend/laravel/vendor/laravel/framework/src/Illuminate/Http/Middleware/ValidatePostSize.php(27): Illuminate/Pipeline/Pipeline->{closure:{closure:Illuminate/Pipeline/Pipeline::carry():184}:185}()
#19 C:/Users/kk867/Downloads/Guised Up/Guised Up/backend/laravel/vendor/laravel/framework/src/Illuminate/Pipeline/Pipeline.php(209): Illuminate/Http/Middleware/ValidatePostSize->handle()
#20 C:/Users/kk867/Downloads/Guised Up/Guised Up/backend/laravel/vendor/laravel/framework/src/Illuminate/Foundation/Http/Middleware/PreventRequestsDuringMaintenance.php(110): Illuminate/Pipeline/Pipeline->{closure:{closure:Illuminate/Pipeline/Pipeline::carry():184}:185}()
#21 C:/Users/kk867/Downloads/Guised Up/Guised Up/backend/laravel/vendor/laravel/framework/src/Illuminate/Pipeline/Pipeline.php(209): Illuminate/Foundation/Http/Middleware/PreventRequestsDuringMaintenance->handle()
#22 C:/Users/kk867/Downloads/Guised Up/Guised Up/backend/laravel/vendor/laravel/framework/src/Illuminate/Http/Middleware/HandleCors.php(62): Illuminate/Pipeline/Pipeline->{closure:{closure:Illuminate/Pipeline/Pipeline::carry():184}:185}()
#23 C:/Users/kk867/Downloads/Guised Up/Guised Up/backend/laravel/vendor/laravel/framework/src/Illuminate/Pipeline/Pipeline.php(209): Illuminate/Http/Middleware/HandleCors->handle()
#24 C:/Users/kk867/Downloads/Guised Up/Guised Up/backend/laravel/vendor/laravel/framework/src/Illuminate/Http/Middleware/TrustProxies.php(58): Illuminate/Pipeline/Pipeline->{closure:{closure:Illuminate/Pipeline/Pipeline::carry():184}:185}()
#25 C:/Users/kk867/Downloads/Guised Up/Guised Up/backend/laravel/vendor/laravel/framework/src/Illuminate/Pipeline/Pipeline.php(209): Illuminate/Http/Middleware/TrustProxies->handle()
#26 C:/Users/kk867/Downloads/Guised Up/Guised Up/backend/laravel/vendor/laravel/framework/src/Illuminate/Foundation/Http/Middleware/InvokeDeferredCallbacks.php(22): Illuminate/Pipeline/Pipeline->{closure:{closure:Illuminate/Pipeline/Pipeline::carry():184}:185}()
#27 C:/Users/kk867/Downloads/Guised Up/Guised Up/backend/laravel/vendor/laravel/framework/src/Illuminate/Pipeline/Pipeline.php(209): Illuminate/Foundation/Http/Middleware/InvokeDeferredCallbacks->handle()
#28 C:/Users/kk867/Downloads/Guised Up/Guised Up/backend/laravel/vendor/laravel/framework/src/Illuminate/Pipeline/Pipeline.php(127): Illuminate/Pipeline/Pipeline->{closure:{closure:Illuminate/Pipeline/Pipeline::carry():184}:185}()
#29 C:/Users/kk867/Downloads/Guised Up/Guised Up/backend/laravel/vendor/laravel/framework/src/Illuminate/Foundation/Http/Kernel.php(176): Illuminate/Pipeline/Pipeline->then()
#30 C:/Users/kk867/Downloads/Guised Up/Guised Up/backend/laravel/vendor/laravel/framework/src/Illuminate/Foundation/Http/Kernel.php(145): Illuminate/Foundation/Http/Kernel->sendRequestThroughRouter()
#31 C:/Users/kk867/Downloads/Guised Up/Guised Up/backend/laravel/public/index.php(10): Illuminate/Foundation/Http/Kernel->handle()
#32 C:/Users/kk867/Downloads/Guised Up/Guised Up/backend/laravel/vendor/laravel/framework/src/Illuminate/Foundation/resources/server.php(23): require_once('...')
#33 {main}
"} 
[2026-07-10 13:53:07] local.ERROR: Class "App\Http\Controllers\Controller" not found {"exception":"[object] (Error(code: 0): Class \"App\\Http\\Controllers\\Controller\" not found at C:/Users/kk867/Downloads/Guised Up/Guised Up/backend/laravel/app/Http/Controllers/FeedController.php:9)
[stacktrace]
#0 C:/Users/kk867/Downloads/Guised Up/Guised Up/backend/laravel/vendor/composer/ClassLoader.php(576): include()
#1 C:/Users/kk867/Downloads/Guised Up/Guised Up/backend/laravel/vendor/composer/ClassLoader.php(427): {closure:Composer/Autoload/ClassLoader::initializeIncludeClosure():575}()
#2 [internal function]: Composer/Autoload/ClassLoader->loadClass()
#3 C:/Users/kk867/Downloads/Guised Up/Guised Up/backend/laravel/vendor/laravel/framework/src/Illuminate/Routing/Route.php(1117): is_a()
#4 C:/Users/kk867/Downloads/Guised Up/Guised Up/backend/laravel/vendor/laravel/framework/src/Illuminate/Routing/Route.php(1054): Illuminate/Routing/Route->controllerMiddleware()
#5 C:/Users/kk867/Downloads/Guised Up/Guised Up/backend/laravel/vendor/laravel/framework/src/Illuminate/Routing/Router.php(820): Illuminate/Routing/Route->gatherMiddleware()
#6 C:/Users/kk867/Downloads/Guised Up/Guised Up/backend/laravel/vendor/laravel/framework/src/Illuminate/Routing/Router.php(802): Illuminate/Routing/Router->gatherRouteMiddleware()
#7 C:/Users/kk867/Downloads/Guised Up/Guised Up/backend/laravel/vendor/laravel/framework/src/Illuminate/Routing/Router.php(786): Illuminate/Routing/Router->runRouteWithinStack()
#8 C:/Users/kk867/Downloads/Guised Up/Guised Up/backend/laravel/vendor/laravel/framework/src/Illuminate/Routing/Router.php(750): Illuminate/Routing/Router->runRoute()
#9 C:/Users/kk867/Downloads/Guised Up/Guised Up/backend/laravel/vendor/laravel/framework/src/Illuminate/Routing/Router.php(739): Illuminate/Routing/Router->dispatchToRoute()
#10 C:/Users/kk867/Downloads/Guised Up/Guised Up/backend/laravel/vendor/laravel/framework/src/Illuminate/Foundation/Http/Kernel.php(201): Illuminate/Routing/Router->dispatch()
#11 C:/Users/kk867/Downloads/Guised Up/Guised Up/backend/laravel/vendor/laravel/framework/src/Illuminate/Pipeline/Pipeline.php(170): Illuminate/Foundation/Http/Kernel->{closure:Illuminate/Foundation/Http/Kernel::dispatchToRouter():198}()
#12 C:/Users/kk867/Downloads/Guised Up/Guised Up/backend/laravel/vendor/laravel/framework/src/Illuminate/Foundation/Http/Middleware/TransformsRequest.php(21): Illuminate/Pipeline/Pipeline->{closure:Illuminate/Pipeline/Pipeline::prepareDestination():168}()
#13 C:/Users/kk867/Downloads/Guised Up/Guised Up/backend/laravel/vendor/laravel/framework/src/Illuminate/Foundation/Http/Middleware/ConvertEmptyStringsToNull.php(31): Illuminate/Foundation/Http/Middleware/TransformsRequest->handle()
#14 C:/Users/kk867/Downloads/Guised Up/Guised Up/backend/laravel/vendor/laravel/framework/src/Illuminate/Pipeline/Pipeline.php(209): Illuminate/Foundation/Http/Middleware/ConvertEmptyStringsToNull->handle()
#15 C:/Users/kk867/Downloads/Guised Up/Guised Up/backend/laravel/vendor/laravel/framework/src/Illuminate/Foundation/Http/Middleware/TransformsRequest.php(21): Illuminate/Pipeline/Pipeline->{closure:{closure:Illuminate/Pipeline/Pipeline::carry():184}:185}()
#16 C:/Users/kk867/Downloads/Guised Up/Guised Up/backend/laravel/vendor/laravel/framework/src/Illuminate/Foundation/Http/Middleware/TrimStrings.php(51): Illuminate/Foundation/Http/Middleware/TransformsRequest->handle()
#17 C:/Users/kk867/Downloads/Guised Up/Guised Up/backend/laravel/vendor/laravel/framework/src/Illuminate/Pipeline/Pipeline.php(209): Illuminate/Foundation/Http/Middleware/TrimStrings->handle()
#18 C:/Users/kk867/Downloads/Guised Up/Guised Up/backend/laravel/vendor/laravel/framework/src/Illuminate/Http/Middleware/ValidatePostSize.php(27): Illuminate/Pipeline/Pipeline->{closure:{closure:Illuminate/Pipeline/Pipeline::carry():184}:185}()
#19 C:/Users/kk867/Downloads/Guised Up/Guised Up/backend/laravel/vendor/laravel/framework/src/Illuminate/Pipeline/Pipeline.php(209): Illuminate/Http/Middleware/ValidatePostSize->handle()
#20 C:/Users/kk867/Downloads/Guised Up/Guised Up/backend/laravel/vendor/laravel/framework/src/Illuminate/Foundation/Http/Middleware/PreventRequestsDuringMaintenance.php(110): Illuminate/Pipeline/Pipeline->{closure:{closure:Illuminate/Pipeline/Pipeline::carry():184}:185}()
#21 C:/Users/kk867/Downloads/Guised Up/Guised Up/backend/laravel/vendor/laravel/framework/src/Illuminate/Pipeline/Pipeline.php(209): Illuminate/Foundation/Http/Middleware/PreventRequestsDuringMaintenance->handle()
#22 C:/Users/kk867/Downloads/Guised Up/Guised Up/backend/laravel/vendor/laravel/framework/src/Illuminate/Http/Middleware/HandleCors.php(62): Illuminate/Pipeline/Pipeline->{closure:{closure:Illuminate/Pipeline/Pipeline::carry():184}:185}()
#23 C:/Users/kk867/Downloads/Guised Up/Guised Up/backend/laravel/vendor/laravel/framework/src/Illuminate/Pipeline/Pipeline.php(209): Illuminate/Http/Middleware/HandleCors->handle()
#24 C:/Users/kk867/Downloads/Guised Up/Guised Up/backend/laravel/vendor/laravel/framework/src/Illuminate/Http/Middleware/TrustProxies.php(58): Illuminate/Pipeline/Pipeline->{closure:{closure:Illuminate/Pipeline/Pipeline::carry():184}:185}()
#25 C:/Users/kk867/Downloads/Guised Up/Guised Up/backend/laravel/vendor/laravel/framework/src/Illuminate/Pipeline/Pipeline.php(209): Illuminate/Http/Middleware/TrustProxies->handle()
#26 C:/Users/kk867/Downloads/Guised Up/Guised Up/backend/laravel/vendor/laravel/framework/src/Illuminate/Foundation/Http/Middleware/InvokeDeferredCallbacks.php(22): Illuminate/Pipeline/Pipeline->{closure:{closure:Illuminate/Pipeline/Pipeline::carry():184}:185}()
#27 C:/Users/kk867/Downloads/Guised Up/Guised Up/backend/laravel/vendor/laravel/framework/src/Illuminate/Pipeline/Pipeline.php(209): Illuminate/Foundation/Http/Middleware/InvokeDeferredCallbacks->handle()
#28 C:/Users/kk867/Downloads/Guised Up/Guised Up/backend/laravel/vendor/laravel/framework/src/Illuminate/Pipeline/Pipeline.php(127): Illuminate/Pipeline/Pipeline->{closure:{closure:Illuminate/Pipeline/Pipeline::carry():184}:185}()
#29 C:/Users/kk867/Downloads/Guised Up/Guised Up/backend/laravel/vendor/laravel/framework/src/Illuminate/Foundation/Http/Kernel.php(176): Illuminate/Pipeline/Pipeline->then()
#30 C:/Users/kk867/Downloads/Guised Up/Guised Up/backend/laravel/vendor/laravel/framework/src/Illuminate/Foundation/Http/Kernel.php(145): Illuminate/Foundation/Http/Kernel->sendRequestThroughRouter()
#31 C:/Users/kk867/Downloads/Guised Up/Guised Up/backend/laravel/public/index.php(10): Illuminate/Foundation/Http/Kernel->handle()
#32 C:/Users/kk867/Downloads/Guised Up/Guised Up/backend/laravel/vendor/laravel/framework/src/Illuminate/Foundation/resources/server.php(23): require_once('...')
#33 {main}
"} 
[2026-07-10 13:53:09] local.ERROR: Class "App\Http\Controllers\Controller" not found {"exception":"[object] (Error(code: 0): Class \"App\\Http\\Controllers\\Controller\" not found at C:/Users/kk867/Downloads/Guised Up/Guised Up/backend/laravel/app/Http/Controllers/FeedController.php:9)
[stacktrace]
#0 C:/Users/kk867/Downloads/Guised Up/Guised Up/backend/laravel/vendor/composer/ClassLoader.php(576): include()
#1 C:/Users/kk867/Downloads/Guised Up/Guised Up/backend/laravel/vendor/composer/ClassLoader.php(427): {closure:Composer/Autoload/ClassLoader::initializeIncludeClosure():575}()
#2 [internal function]: Composer/Autoload/ClassLoader->loadClass()
#3 C:/Users/kk867/Downloads/Guised Up/Guised Up/backend/laravel/vendor/laravel/framework/src/Illuminate/Routing/Route.php(1117): is_a()
#4 C:/Users/kk867/Downloads/Guised Up/Guised Up/backend/laravel/vendor/laravel/framework/src/Illuminate/Routing/Route.php(1054): Illuminate/Routing/Route->controllerMiddleware()
#5 C:/Users/kk867/Downloads/Guised Up/Guised Up/backend/laravel/vendor/laravel/framework/src/Illuminate/Routing/Router.php(820): Illuminate/Routing/Route->gatherMiddleware()
#6 C:/Users/kk867/Downloads/Guised Up/Guised Up/backend/laravel/vendor/laravel/framework/src/Illuminate/Routing/Router.php(802): Illuminate/Routing/Router->gatherRouteMiddleware()
#7 C:/Users/kk867/Downloads/Guised Up/Guised Up/backend/laravel/vendor/laravel/framework/src/Illuminate/Routing/Router.php(786): Illuminate/Routing/Router->runRouteWithinStack()
#8 C:/Users/kk867/Downloads/Guised Up/Guised Up/backend/laravel/vendor/laravel/framework/src/Illuminate/Routing/Router.php(750): Illuminate/Routing/Router->runRoute()
#9 C:/Users/kk867/Downloads/Guised Up/Guised Up/backend/laravel/vendor/laravel/framework/src/Illuminate/Routing/Router.php(739): Illuminate/Routing/Router->dispatchToRoute()
#10 C:/Users/kk867/Downloads/Guised Up/Guised Up/backend/laravel/vendor/laravel/framework/src/Illuminate/Foundation/Http/Kernel.php(201): Illuminate/Routing/Router->dispatch()
#11 C:/Users/kk867/Downloads/Guised Up/Guised Up/backend/laravel/vendor/laravel/framework/src/Illuminate/Pipeline/Pipeline.php(170): Illuminate/Foundation/Http/Kernel->{closure:Illuminate/Foundation/Http/Kernel::dispatchToRouter():198}()
#12 C:/Users/kk867/Downloads/Guised Up/Guised Up/backend/laravel/vendor/laravel/framework/src/Illuminate/Foundation/Http/Middleware/TransformsRequest.php(21): Illuminate/Pipeline/Pipeline->{closure:Illuminate/Pipeline/Pipeline::prepareDestination():168}()
#13 C:/Users/kk867/Downloads/Guised Up/Guised Up/backend/laravel/vendor/laravel/framework/src/Illuminate/Foundation/Http/Middleware/ConvertEmptyStringsToNull.php(31): Illuminate/Foundation/Http/Middleware/TransformsRequest->handle()
#14 C:/Users/kk867/Downloads/Guised Up/Guised Up/backend/laravel/vendor/laravel/framework/src/Illuminate/Pipeline/Pipeline.php(209): Illuminate/Foundation/Http/Middleware/ConvertEmptyStringsToNull->handle()
#15 C:/Users/kk867/Downloads/Guised Up/Guised Up/backend/laravel/vendor/laravel/framework/src/Illuminate/Foundation/Http/Middleware/TransformsRequest.php(21): Illuminate/Pipeline/Pipeline->{closure:{closure:Illuminate/Pipeline/Pipeline::carry():184}:185}()
#16 C:/Users/kk867/Downloads/Guised Up/Guised Up/backend/laravel/vendor/laravel/framework/src/Illuminate/Foundation/Http/Middleware/TrimStrings.php(51): Illuminate/Foundation/Http/Middleware/TransformsRequest->handle()
#17 C:/Users/kk867/Downloads/Guised Up/Guised Up/backend/laravel/vendor/laravel/framework/src/Illuminate/Pipeline/Pipeline.php(209): Illuminate/Foundation/Http/Middleware/TrimStrings->handle()
#18 C:/Users/kk867/Downloads/Guised Up/Guised Up/backend/laravel/vendor/laravel/framework/src/Illuminate/Http/Middleware/ValidatePostSize.php(27): Illuminate/Pipeline/Pipeline->{closure:{closure:Illuminate/Pipeline/Pipeline::carry():184}:185}()
#19 C:/Users/kk867/Downloads/Guised Up/Guised Up/backend/laravel/vendor/laravel/framework/src/Illuminate/Pipeline/Pipeline.php(209): Illuminate/Http/Middleware/ValidatePostSize->handle()
#20 C:/Users/kk867/Downloads/Guised Up/Guised Up/backend/laravel/vendor/laravel/framework/src/Illuminate/Foundation/Http/Middleware/PreventRequestsDuringMaintenance.php(110): Illuminate/Pipeline/Pipeline->{closure:{closure:Illuminate/Pipeline/Pipeline::carry():184}:185}()
#21 C:/Users/kk867/Downloads/Guised Up/Guised Up/backend/laravel/vendor/laravel/framework/src/Illuminate/Pipeline/Pipeline.php(209): Illuminate/Foundation/Http/Middleware/PreventRequestsDuringMaintenance->handle()
#22 C:/Users/kk867/Downloads/Guised Up/Guised Up/backend/laravel/vendor/laravel/framework/src/Illuminate/Http/Middleware/HandleCors.php(62): Illuminate/Pipeline/Pipeline->{closure:{closure:Illuminate/Pipeline/Pipeline::carry():184}:185}()
#23 C:/Users/kk867/Downloads/Guised Up/Guised Up/backend/laravel/vendor/laravel/framework/src/Illuminate/Pipeline/Pipeline.php(209): Illuminate/Http/Middleware/HandleCors->handle()
#24 C:/Users/kk867/Downloads/Guised Up/Guised Up/backend/laravel/vendor/laravel/framework/src/Illuminate/Http/Middleware/TrustProxies.php(58): Illuminate/Pipeline/Pipeline->{closure:{closure:Illuminate/Pipeline/Pipeline::carry():184}:185}()
#25 C:/Users/kk867/Downloads/Guised Up/Guised Up/backend/laravel/vendor/laravel/framework/src/Illuminate/Pipeline/Pipeline.php(209): Illuminate/Http/Middleware/TrustProxies->handle()
#26 C:/Users/kk867/Downloads/Guised Up/Guised Up/backend/laravel/vendor/laravel/framework/src/Illuminate/Foundation/Http/Middleware/InvokeDeferredCallbacks.php(22): Illuminate/Pipeline/Pipeline->{closure:{closure:Illuminate/Pipeline/Pipeline::carry():184}:185}()
#27 C:/Users/kk867/Downloads/Guised Up/Guised Up/backend/laravel/vendor/laravel/framework/src/Illuminate/Pipeline/Pipeline.php(209): Illuminate/Foundation/Http/Middleware/InvokeDeferredCallbacks->handle()
#28 C:/Users/kk867/Downloads/Guised Up/Guised Up/backend/laravel/vendor/laravel/framework/src/Illuminate/Pipeline/Pipeline.php(127): Illuminate/Pipeline/Pipeline->{closure:{closure:Illuminate/Pipeline/Pipeline::carry():184}:185}()
#29 C:/Users/kk867/Downloads/Guised Up/Guised Up/backend/laravel/vendor/laravel/framework/src/Illuminate/Foundation/Http/Kernel.php(176): Illuminate/Pipeline/Pipeline->then()
#30 C:/Users/kk867/Downloads/Guised Up/Guised Up/backend/laravel/vendor/laravel/framework/src/Illuminate/Foundation/Http/Kernel.php(145): Illuminate/Foundation/Http/Kernel->sendRequestThroughRouter()
#31 C:/Users/kk867/Downloads/Guised Up/Guised Up/backend/laravel/public/index.php(10): Illuminate/Foundation/Http/Kernel->handle()
#32 C:/Users/kk867/Downloads/Guised Up/Guised Up/backend/laravel/vendor/laravel/framework/src/Illuminate/Foundation/resources/server.php(23): require_once('...')
#33 {main}
"} 
[2026-07-10 13:53:10] local.ERROR: Class "App\Http\Controllers\Controller" not found {"exception":"[object] (Error(code: 0): Class \"App\\Http\\Controllers\\Controller\" not found at C:/Users/kk867/Downloads/Guised Up/Guised Up/backend/laravel/app/Http/Controllers/FeedController.php:9)
[stacktrace]
#0 C:/Users/kk867/Downloads/Guised Up/Guised Up/backend/laravel/vendor/composer/ClassLoader.php(576): include()
#1 C:/Users/kk867/Downloads/Guised Up/Guised Up/backend/laravel/vendor/composer/ClassLoader.php(427): {closure:Composer/Autoload/ClassLoader::initializeIncludeClosure():575}()
#2 [internal function]: Composer/Autoload/ClassLoader->loadClass()
#3 C:/Users/kk867/Downloads/Guised Up/Guised Up/backend/laravel/vendor/laravel/framework/src/Illuminate/Routing/Route.php(1117): is_a()
#4 C:/Users/kk867/Downloads/Guised Up/Guised Up/backend/laravel/vendor/laravel/framework/src/Illuminate/Routing/Route.php(1054): Illuminate/Routing/Route->controllerMiddleware()
#5 C:/Users/kk867/Downloads/Guised Up/Guised Up/backend/laravel/vendor/laravel/framework/src/Illuminate/Routing/Router.php(820): Illuminate/Routing/Route->gatherMiddleware()
#6 C:/Users/kk867/Downloads/Guised Up/Guised Up/backend/laravel/vendor/laravel/framework/src/Illuminate/Routing/Router.php(802): Illuminate/Routing/Router->gatherRouteMiddleware()
#7 C:/Users/kk867/Downloads/Guised Up/Guised Up/backend/laravel/vendor/laravel/framework/src/Illuminate/Routing/Router.php(786): Illuminate/Routing/Router->runRouteWithinStack()
#8 C:/Users/kk867/Downloads/Guised Up/Guised Up/backend/laravel/vendor/laravel/framework/src/Illuminate/Routing/Router.php(750): Illuminate/Routing/Router->runRoute()
#9 C:/Users/kk867/Downloads/Guised Up/Guised Up/backend/laravel/vendor/laravel/framework/src/Illuminate/Routing/Router.php(739): Illuminate/Routing/Router->dispatchToRoute()
#10 C:/Users/kk867/Downloads/Guised Up/Guised Up/backend/laravel/vendor/laravel/framework/src/Illuminate/Foundation/Http/Kernel.php(201): Illuminate/Routing/Router->dispatch()
#11 C:/Users/kk867/Downloads/Guised Up/Guised Up/backend/laravel/vendor/laravel/framework/src/Illuminate/Pipeline/Pipeline.php(170): Illuminate/Foundation/Http/Kernel->{closure:Illuminate/Foundation/Http/Kernel::dispatchToRouter():198}()
#12 C:/Users/kk867/Downloads/Guised Up/Guised Up/backend/laravel/vendor/laravel/framework/src/Illuminate/Foundation/Http/Middleware/TransformsRequest.php(21): Illuminate/Pipeline/Pipeline->{closure:Illuminate/Pipeline/Pipeline::prepareDestination():168}()
#13 C:/Users/kk867/Downloads/Guised Up/Guised Up/backend/laravel/vendor/laravel/framework/src/Illuminate/Foundation/Http/Middleware/ConvertEmptyStringsToNull.php(31): Illuminate/Foundation/Http/Middleware/TransformsRequest->handle()
#14 C:/Users/kk867/Downloads/Guised Up/Guised Up/backend/laravel/vendor/laravel/framework/src/Illuminate/Pipeline/Pipeline.php(209): Illuminate/Foundation/Http/Middleware/ConvertEmptyStringsToNull->handle()
#15 C:/Users/kk867/Downloads/Guised Up/Guised Up/backend/laravel/vendor/laravel/framework/src/Illuminate/Foundation/Http/Middleware/TransformsRequest.php(21): Illuminate/Pipeline/Pipeline->{closure:{closure:Illuminate/Pipeline/Pipeline::carry():184}:185}()
#16 C:/Users/kk867/Downloads/Guised Up/Guised Up/backend/laravel/vendor/laravel/framework/src/Illuminate/Foundation/Http/Middleware/TrimStrings.php(51): Illuminate/Foundation/Http/Middleware/TransformsRequest->handle()
#17 C:/Users/kk867/Downloads/Guised Up/Guised Up/backend/laravel/vendor/laravel/framework/src/Illuminate/Pipeline/Pipeline.php(209): Illuminate/Foundation/Http/Middleware/TrimStrings->handle()
#18 C:/Users/kk867/Downloads/Guised Up/Guised Up/backend/laravel/vendor/laravel/framework/src/Illuminate/Http/Middleware/ValidatePostSize.php(27): Illuminate/Pipeline/Pipeline->{closure:{closure:Illuminate/Pipeline/Pipeline::carry():184}:185}()
#19 C:/Users/kk867/Downloads/Guised Up/Guised Up/backend/laravel/vendor/laravel/framework/src/Illuminate/Pipeline/Pipeline.php(209): Illuminate/Http/Middleware/ValidatePostSize->handle()
#20 C:/Users/kk867/Downloads/Guised Up/Guised Up/backend/laravel/vendor/laravel/framework/src/Illuminate/Foundation/Http/Middleware/PreventRequestsDuringMaintenance.php(110): Illuminate/Pipeline/Pipeline->{closure:{closure:Illuminate/Pipeline/Pipeline::carry():184}:185}()
#21 C:/Users/kk867/Downloads/Guised Up/Guised Up/backend/laravel/vendor/laravel/framework/src/Illuminate/Pipeline/Pipeline.php(209): Illuminate/Foundation/Http/Middleware/PreventRequestsDuringMaintenance->handle()
#22 C:/Users/kk867/Downloads/Guised Up/Guised Up/backend/laravel/vendor/laravel/framework/src/Illuminate/Http/Middleware/HandleCors.php(62): Illuminate/Pipeline/Pipeline->{closure:{closure:Illuminate/Pipeline/Pipeline::carry():184}:185}()
#23 C:/Users/kk867/Downloads/Guised Up/Guised Up/backend/laravel/vendor/laravel/framework/src/Illuminate/Pipeline/Pipeline.php(209): Illuminate/Http/Middleware/HandleCors->handle()
#24 C:/Users/kk867/Downloads/Guised Up/Guised Up/backend/laravel/vendor/laravel/framework/src/Illuminate/Http/Middleware/TrustProxies.php(58): Illuminate/Pipeline/Pipeline->{closure:{closure:Illuminate/Pipeline/Pipeline::carry():184}:185}()
#25 C:/Users/kk867/Downloads/Guised Up/Guised Up/backend/laravel/vendor/laravel/framework/src/Illuminate/Pipeline/Pipeline.php(209): Illuminate/Http/Middleware/TrustProxies->handle()
#26 C:/Users/kk867/Downloads/Guised Up/Guised Up/backend/laravel/vendor/laravel/framework/src/Illuminate/Foundation/Http/Middleware/InvokeDeferredCallbacks.php(22): Illuminate/Pipeline/Pipeline->{closure:{closure:Illuminate/Pipeline/Pipeline::carry():184}:185}()
#27 C:/Users/kk867/Downloads/Guised Up/Guised Up/backend/laravel/vendor/laravel/framework/src/Illuminate/Pipeline/Pipeline.php(209): Illuminate/Foundation/Http/Middleware/InvokeDeferredCallbacks->handle()
#28 C:/Users/kk867/Downloads/Guised Up/Guised Up/backend/laravel/vendor/laravel/framework/src/Illuminate/Pipeline/Pipeline.php(127): Illuminate/Pipeline/Pipeline->{closure:{closure:Illuminate/Pipeline/Pipeline::carry():184}:185}()
#29 C:/Users/kk867/Downloads/Guised Up/Guised Up/backend/laravel/vendor/laravel/framework/src/Illuminate/Foundation/Http/Kernel.php(176): Illuminate/Pipeline/Pipeline->then()
#30 C:/Users/kk867/Downloads/Guised Up/Guised Up/backend/laravel/vendor/laravel/framework/src/Illuminate/Foundation/Http/Kernel.php(145): Illuminate/Foundation/Http/Kernel->sendRequestThroughRouter()
#31 C:/Users/kk867/Downloads/Guised Up/Guised Up/backend/laravel/public/index.php(10): Illuminate/Foundation/Http/Kernel->handle()
#32 C:/Users/kk867/Downloads/Guised Up/Guised Up/backend/laravel/vendor/laravel/framework/src/Illuminate/Foundation/resources/server.php(23): require_once('...')
#33 {main}
"} 
[2026-07-10 13:53:11] local.ERROR: Class "App\Http\Controllers\Controller" not found {"exception":"[object] (Error(code: 0): Class \"App\\Http\\Controllers\\Controller\" not found at C:/Users/kk867/Downloads/Guised Up/Guised Up/backend/laravel/app/Http/Controllers/FeedController.php:9)
[stacktrace]
#0 C:/Users/kk867/Downloads/Guised Up/Guised Up/backend/laravel/vendor/composer/ClassLoader.php(576): include()
#1 C:/Users/kk867/Downloads/Guised Up/Guised Up/backend/laravel/vendor/composer/ClassLoader.php(427): {closure:Composer/Autoload/ClassLoader::initializeIncludeClosure():575}()
#2 [internal function]: Composer/Autoload/ClassLoader->loadClass()
#3 C:/Users/kk867/Downloads/Guised Up/Guised Up/backend/laravel/vendor/laravel/framework/src/Illuminate/Routing/Route.php(1117): is_a()
#4 C:/Users/kk867/Downloads/Guised Up/Guised Up/backend/laravel/vendor/laravel/framework/src/Illuminate/Routing/Route.php(1054): Illuminate/Routing/Route->controllerMiddleware()
#5 C:/Users/kk867/Downloads/Guised Up/Guised Up/backend/laravel/vendor/laravel/framework/src/Illuminate/Routing/Router.php(820): Illuminate/Routing/Route->gatherMiddleware()
#6 C:/Users/kk867/Downloads/Guised Up/Guised Up/backend/laravel/vendor/laravel/framework/src/Illuminate/Routing/Router.php(802): Illuminate/Routing/Router->gatherRouteMiddleware()
#7 C:/Users/kk867/Downloads/Guised Up/Guised Up/backend/laravel/vendor/laravel/framework/src/Illuminate/Routing/Router.php(786): Illuminate/Routing/Router->runRouteWithinStack()
#8 C:/Users/kk867/Downloads/Guised Up/Guised Up/backend/laravel/vendor/laravel/framework/src/Illuminate/Routing/Router.php(750): Illuminate/Routing/Router->runRoute()
#9 C:/Users/kk867/Downloads/Guised Up/Guised Up/backend/laravel/vendor/laravel/framework/src/Illuminate/Routing/Router.php(739): Illuminate/Routing/Router->dispatchToRoute()
#10 C:/Users/kk867/Downloads/Guised Up/Guised Up/backend/laravel/vendor/laravel/framework/src/Illuminate/Foundation/Http/Kernel.php(201): Illuminate/Routing/Router->dispatch()
#11 C:/Users/kk867/Downloads/Guised Up/Guised Up/backend/laravel/vendor/laravel/framework/src/Illuminate/Pipeline/Pipeline.php(170): Illuminate/Foundation/Http/Kernel->{closure:Illuminate/Foundation/Http/Kernel::dispatchToRouter():198}()
#12 C:/Users/kk867/Downloads/Guised Up/Guised Up/backend/laravel/vendor/laravel/framework/src/Illuminate/Foundation/Http/Middleware/TransformsRequest.php(21): Illuminate/Pipeline/Pipeline->{closure:Illuminate/Pipeline/Pipeline::prepareDestination():168}()
#13 C:/Users/kk867/Downloads/Guised Up/Guised Up/backend/laravel/vendor/laravel/framework/src/Illuminate/Foundation/Http/Middleware/ConvertEmptyStringsToNull.php(31): Illuminate/Foundation/Http/Middleware/TransformsRequest->handle()
#14 C:/Users/kk867/Downloads/Guised Up/Guised Up/backend/laravel/vendor/laravel/framework/src/Illuminate/Pipeline/Pipeline.php(209): Illuminate/Foundation/Http/Middleware/ConvertEmptyStringsToNull->handle()
#15 C:/Users/kk867/Downloads/Guised Up/Guised Up/backend/laravel/vendor/laravel/framework/src/Illuminate/Foundation/Http/Middleware/TransformsRequest.php(21): Illuminate/Pipeline/Pipeline->{closure:{closure:Illuminate/Pipeline/Pipeline::carry():184}:185}()
#16 C:/Users/kk867/Downloads/Guised Up/Guised Up/backend/laravel/vendor/laravel/framework/src/Illuminate/Foundation/Http/Middleware/TrimStrings.php(51): Illuminate/Foundation/Http/Middleware/TransformsRequest->handle()
#17 C:/Users/kk867/Downloads/Guised Up/Guised Up/backend/laravel/vendor/laravel/framework/src/Illuminate/Pipeline/Pipeline.php(209): Illuminate/Foundation/Http/Middleware/TrimStrings->handle()
#18 C:/Users/kk867/Downloads/Guised Up/Guised Up/backend/laravel/vendor/laravel/framework/src/Illuminate/Http/Middleware/ValidatePostSize.php(27): Illuminate/Pipeline/Pipeline->{closure:{closure:Illuminate/Pipeline/Pipeline::carry():184}:185}()
#19 C:/Users/kk867/Downloads/Guised Up/Guised Up/backend/laravel/vendor/laravel/framework/src/Illuminate/Pipeline/Pipeline.php(209): Illuminate/Http/Middleware/ValidatePostSize->handle()
#20 C:/Users/kk867/Downloads/Guised Up/Guised Up/backend/laravel/vendor/laravel/framework/src/Illuminate/Foundation/Http/Middleware/PreventRequestsDuringMaintenance.php(110): Illuminate/Pipeline/Pipeline->{closure:{closure:Illuminate/Pipeline/Pipeline::carry():184}:185}()
#21 C:/Users/kk867/Downloads/Guised Up/Guised Up/backend/laravel/vendor/laravel/framework/src/Illuminate/Pipeline/Pipeline.php(209): Illuminate/Foundation/Http/Middleware/PreventRequestsDuringMaintenance->handle()
#22 C:/Users/kk867/Downloads/Guised Up/Guised Up/backend/laravel/vendor/laravel/framework/src/Illuminate/Http/Middleware/HandleCors.php(62): Illuminate/Pipeline/Pipeline->{closure:{closure:Illuminate/Pipeline/Pipeline::carry():184}:185}()
#23 C:/Users/kk867/Downloads/Guised Up/Guised Up/backend/laravel/vendor/laravel/framework/src/Illuminate/Pipeline/Pipeline.php(209): Illuminate/Http/Middleware/HandleCors->handle()
#24 C:/Users/kk867/Downloads/Guised Up/Guised Up/backend/laravel/vendor/laravel/framework/src/Illuminate/Http/Middleware/TrustProxies.php(58): Illuminate/Pipeline/Pipeline->{closure:{closure:Illuminate/Pipeline/Pipeline::carry():184}:185}()
#25 C:/Users/kk867/Downloads/Guised Up/Guised Up/backend/laravel/vendor/laravel/framework/src/Illuminate/Pipeline/Pipeline.php(209): Illuminate/Http/Middleware/TrustProxies->handle()
#26 C:/Users/kk867/Downloads/Guised Up/Guised Up/backend/laravel/vendor/laravel/framework/src/Illuminate/Foundation/Http/Middleware/InvokeDeferredCallbacks.php(22): Illuminate/Pipeline/Pipeline->{closure:{closure:Illuminate/Pipeline/Pipeline::carry():184}:185}()
#27 C:/Users/kk867/Downloads/Guised Up/Guised Up/backend/laravel/vendor/laravel/framework/src/Illuminate/Pipeline/Pipeline.php(209): Illuminate/Foundation/Http/Middleware/InvokeDeferredCallbacks->handle()
#28 C:/Users/kk867/Downloads/Guised Up/Guised Up/backend/laravel/vendor/laravel/framework/src/Illuminate/Pipeline/Pipeline.php(127): Illuminate/Pipeline/Pipeline->{closure:{closure:Illuminate/Pipeline/Pipeline::carry():184}:185}()
#29 C:/Users/kk867/Downloads/Guised Up/Guised Up/backend/laravel/vendor/laravel/framework/src/Illuminate/Foundation/Http/Kernel.php(176): Illuminate/Pipeline/Pipeline->then()
#30 C:/Users/kk867/Downloads/Guised Up/Guised Up/backend/laravel/vendor/laravel/framework/src/Illuminate/Foundation/Http/Kernel.php(145): Illuminate/Foundation/Http/Kernel->sendRequestThroughRouter()
#31 C:/Users/kk867/Downloads/Guised Up/Guised Up/backend/laravel/public/index.php(10): Illuminate/Foundation/Http/Kernel->handle()
#32 C:/Users/kk867/Downloads/Guised Up/Guised Up/backend/laravel/vendor/laravel/framework/src/Illuminate/Foundation/resources/server.php(23): require_once('...')
#33 {main}
"} 
[2026-07-10 13:53:12] local.ERROR: Class "App\Http\Controllers\Controller" not found {"exception":"[object] (Error(code: 0): Class \"App\\Http\\Controllers\\Controller\" not found at C:/Users/kk867/Downloads/Guised Up/Guised Up/backend/laravel/app/Http/Controllers/FeedController.php:9)
[stacktrace]
#0 C:/Users/kk867/Downloads/Guised Up/Guised Up/backend/laravel/vendor/composer/ClassLoader.php(576): include()
#1 C:/Users/kk867/Downloads/Guised Up/Guised Up/backend/laravel/vendor/composer/ClassLoader.php(427): {closure:Composer/Autoload/ClassLoader::initializeIncludeClosure():575}()
#2 [internal function]: Composer/Autoload/ClassLoader->loadClass()
#3 C:/Users/kk867/Downloads/Guised Up/Guised Up/backend/laravel/vendor/laravel/framework/src/Illuminate/Routing/Route.php(1117): is_a()
#4 C:/Users/kk867/Downloads/Guised Up/Guised Up/backend/laravel/vendor/laravel/framework/src/Illuminate/Routing/Route.php(1054): Illuminate/Routing/Route->controllerMiddleware()
#5 C:/Users/kk867/Downloads/Guised Up/Guised Up/backend/laravel/vendor/laravel/framework/src/Illuminate/Routing/Router.php(820): Illuminate/Routing/Route->gatherMiddleware()
#6 C:/Users/kk867/Downloads/Guised Up/Guised Up/backend/laravel/vendor/laravel/framework/src/Illuminate/Routing/Router.php(802): Illuminate/Routing/Router->gatherRouteMiddleware()
#7 C:/Users/kk867/Downloads/Guised Up/Guised Up/backend/laravel/vendor/laravel/framework/src/Illuminate/Routing/Router.php(786): Illuminate/Routing/Router->runRouteWithinStack()
#8 C:/Users/kk867/Downloads/Guised Up/Guised Up/backend/laravel/vendor/laravel/framework/src/Illuminate/Routing/Router.php(750): Illuminate/Routing/Router->runRoute()
#9 C:/Users/kk867/Downloads/Guised Up/Guised Up/backend/laravel/vendor/laravel/framework/src/Illuminate/Routing/Router.php(739): Illuminate/Routing/Router->dispatchToRoute()
#10 C:/Users/kk867/Downloads/Guised Up/Guised Up/backend/laravel/vendor/laravel/framework/src/Illuminate/Foundation/Http/Kernel.php(201): Illuminate/Routing/Router->dispatch()
#11 C:/Users/kk867/Downloads/Guised Up/Guised Up/backend/laravel/vendor/laravel/framework/src/Illuminate/Pipeline/Pipeline.php(170): Illuminate/Foundation/Http/Kernel->{closure:Illuminate/Foundation/Http/Kernel::dispatchToRouter():198}()
#12 C:/Users/kk867/Downloads/Guised Up/Guised Up/backend/laravel/vendor/laravel/framework/src/Illuminate/Foundation/Http/Middleware/TransformsRequest.php(21): Illuminate/Pipeline/Pipeline->{closure:Illuminate/Pipeline/Pipeline::prepareDestination():168}()
#13 C:/Users/kk867/Downloads/Guised Up/Guised Up/backend/laravel/vendor/laravel/framework/src/Illuminate/Foundation/Http/Middleware/ConvertEmptyStringsToNull.php(31): Illuminate/Foundation/Http/Middleware/TransformsRequest->handle()
#14 C:/Users/kk867/Downloads/Guised Up/Guised Up/backend/laravel/vendor/laravel/framework/src/Illuminate/Pipeline/Pipeline.php(209): Illuminate/Foundation/Http/Middleware/ConvertEmptyStringsToNull->handle()
#15 C:/Users/kk867/Downloads/Guised Up/Guised Up/backend/laravel/vendor/laravel/framework/src/Illuminate/Foundation/Http/Middleware/TransformsRequest.php(21): Illuminate/Pipeline/Pipeline->{closure:{closure:Illuminate/Pipeline/Pipeline::carry():184}:185}()
#16 C:/Users/kk867/Downloads/Guised Up/Guised Up/backend/laravel/vendor/laravel/framework/src/Illuminate/Foundation/Http/Middleware/TrimStrings.php(51): Illuminate/Foundation/Http/Middleware/TransformsRequest->handle()
#17 C:/Users/kk867/Downloads/Guised Up/Guised Up/backend/laravel/vendor/laravel/framework/src/Illuminate/Pipeline/Pipeline.php(209): Illuminate/Foundation/Http/Middleware/TrimStrings->handle()
#18 C:/Users/kk867/Downloads/Guised Up/Guised Up/backend/laravel/vendor/laravel/framework/src/Illuminate/Http/Middleware/ValidatePostSize.php(27): Illuminate/Pipeline/Pipeline->{closure:{closure:Illuminate/Pipeline/Pipeline::carry():184}:185}()
#19 C:/Users/kk867/Downloads/Guised Up/Guised Up/backend/laravel/vendor/laravel/framework/src/Illuminate/Pipeline/Pipeline.php(209): Illuminate/Http/Middleware/ValidatePostSize->handle()
#20 C:/Users/kk867/Downloads/Guised Up/Guised Up/backend/laravel/vendor/laravel/framework/src/Illuminate/Foundation/Http/Middleware/PreventRequestsDuringMaintenance.php(110): Illuminate/Pipeline/Pipeline->{closure:{closure:Illuminate/Pipeline/Pipeline::carry():184}:185}()
#21 C:/Users/kk867/Downloads/Guised Up/Guised Up/backend/laravel/vendor/laravel/framework/src/Illuminate/Pipeline/Pipeline.php(209): Illuminate/Foundation/Http/Middleware/PreventRequestsDuringMaintenance->handle()
#22 C:/Users/kk867/Downloads/Guised Up/Guised Up/backend/laravel/vendor/laravel/framework/src/Illuminate/Http/Middleware/HandleCors.php(62): Illuminate/Pipeline/Pipeline->{closure:{closure:Illuminate/Pipeline/Pipeline::carry():184}:185}()
#23 C:/Users/kk867/Downloads/Guised Up/Guised Up/backend/laravel/vendor/laravel/framework/src/Illuminate/Pipeline/Pipeline.php(209): Illuminate/Http/Middleware/HandleCors->handle()
#24 C:/Users/kk867/Downloads/Guised Up/Guised Up/backend/laravel/vendor/laravel/framework/src/Illuminate/Http/Middleware/TrustProxies.php(58): Illuminate/Pipeline/Pipeline->{closure:{closure:Illuminate/Pipeline/Pipeline::carry():184}:185}()
#25 C:/Users/kk867/Downloads/Guised Up/Guised Up/backend/laravel/vendor/laravel/framework/src/Illuminate/Pipeline/Pipeline.php(209): Illuminate/Http/Middleware/TrustProxies->handle()
#26 C:/Users/kk867/Downloads/Guised Up/Guised Up/backend/laravel/vendor/laravel/framework/src/Illuminate/Foundation/Http/Middleware/InvokeDeferredCallbacks.php(22): Illuminate/Pipeline/Pipeline->{closure:{closure:Illuminate/Pipeline/Pipeline::carry():184}:185}()
#27 C:/Users/kk867/Downloads/Guised Up/Guised Up/backend/laravel/vendor/laravel/framework/src/Illuminate/Pipeline/Pipeline.php(209): Illuminate/Foundation/Http/Middleware/InvokeDeferredCallbacks->handle()
#28 C:/Users/kk867/Downloads/Guised Up/Guised Up/backend/laravel/vendor/laravel/framework/src/Illuminate/Pipeline/Pipeline.php(127): Illuminate/Pipeline/Pipeline->{closure:{closure:Illuminate/Pipeline/Pipeline::carry():184}:185}()
#29 C:/Users/kk867/Downloads/Guised Up/Guised Up/backend/laravel/vendor/laravel/framework/src/Illuminate/Foundation/Http/Kernel.php(176): Illuminate/Pipeline/Pipeline->then()
#30 C:/Users/kk867/Downloads/Guised Up/Guised Up/backend/laravel/vendor/laravel/framework/src/Illuminate/Foundation/Http/Kernel.php(145): Illuminate/Foundation/Http/Kernel->sendRequestThroughRouter()
#31 C:/Users/kk867/Downloads/Guised Up/Guised Up/backend/laravel/public/index.php(10): Illuminate/Foundation/Http/Kernel->handle()
#32 C:/Users/kk867/Downloads/Guised Up/Guised Up/backend/laravel/vendor/laravel/framework/src/Illuminate/Foundation/resources/server.php(23): require_once('...')
#33 {main}
"} 
[2026-07-10 13:53:17] local.ERROR: Class "App\Http\Controllers\Controller" not found {"exception":"[object] (Error(code: 0): Class \"App\\Http\\Controllers\\Controller\" not found at C:/Users/kk867/Downloads/Guised Up/Guised Up/backend/laravel/app/Http/Controllers/FeedController.php:9)
[stacktrace]
#0 C:/Users/kk867/Downloads/Guised Up/Guised Up/backend/laravel/vendor/composer/ClassLoader.php(576): include()
#1 C:/Users/kk867/Downloads/Guised Up/Guised Up/backend/laravel/vendor/composer/ClassLoader.php(427): {closure:Composer/Autoload/ClassLoader::initializeIncludeClosure():575}()
#2 [internal function]: Composer/Autoload/ClassLoader->loadClass()
#3 C:/Users/kk867/Downloads/Guised Up/Guised Up/backend/laravel/vendor/laravel/framework/src/Illuminate/Routing/Route.php(1117): is_a()
#4 C:/Users/kk867/Downloads/Guised Up/Guised Up/backend/laravel/vendor/laravel/framework/src/Illuminate/Routing/Route.php(1054): Illuminate/Routing/Route->controllerMiddleware()
#5 C:/Users/kk867/Downloads/Guised Up/Guised Up/backend/laravel/vendor/laravel/framework/src/Illuminate/Routing/Router.php(820): Illuminate/Routing/Route->gatherMiddleware()
#6 C:/Users/kk867/Downloads/Guised Up/Guised Up/backend/laravel/vendor/laravel/framework/src/Illuminate/Routing/Router.php(802): Illuminate/Routing/Router->gatherRouteMiddleware()
#7 C:/Users/kk867/Downloads/Guised Up/Guised Up/backend/laravel/vendor/laravel/framework/src/Illuminate/Routing/Router.php(786): Illuminate/Routing/Router->runRouteWithinStack()
#8 C:/Users/kk867/Downloads/Guised Up/Guised Up/backend/laravel/vendor/laravel/framework/src/Illuminate/Routing/Router.php(750): Illuminate/Routing/Router->runRoute()
#9 C:/Users/kk867/Downloads/Guised Up/Guised Up/backend/laravel/vendor/laravel/framework/src/Illuminate/Routing/Router.php(739): Illuminate/Routing/Router->dispatchToRoute()
#10 C:/Users/kk867/Downloads/Guised Up/Guised Up/backend/laravel/vendor/laravel/framework/src/Illuminate/Foundation/Http/Kernel.php(201): Illuminate/Routing/Router->dispatch()
#11 C:/Users/kk867/Downloads/Guised Up/Guised Up/backend/laravel/vendor/laravel/framework/src/Illuminate/Pipeline/Pipeline.php(170): Illuminate/Foundation/Http/Kernel->{closure:Illuminate/Foundation/Http/Kernel::dispatchToRouter():198}()
#12 C:/Users/kk867/Downloads/Guised Up/Guised Up/backend/laravel/vendor/laravel/framework/src/Illuminate/Foundation/Http/Middleware/TransformsRequest.php(21): Illuminate/Pipeline/Pipeline->{closure:Illuminate/Pipeline/Pipeline::prepareDestination():168}()
#13 C:/Users/kk867/Downloads/Guised Up/Guised Up/backend/laravel/vendor/laravel/framework/src/Illuminate/Foundation/Http/Middleware/ConvertEmptyStringsToNull.php(31): Illuminate/Foundation/Http/Middleware/TransformsRequest->handle()
#14 C:/Users/kk867/Downloads/Guised Up/Guised Up/backend/laravel/vendor/laravel/framework/src/Illuminate/Pipeline/Pipeline.php(209): Illuminate/Foundation/Http/Middleware/ConvertEmptyStringsToNull->handle()
#15 C:/Users/kk867/Downloads/Guised Up/Guised Up/backend/laravel/vendor/laravel/framework/src/Illuminate/Foundation/Http/Middleware/TransformsRequest.php(21): Illuminate/Pipeline/Pipeline->{closure:{closure:Illuminate/Pipeline/Pipeline::carry():184}:185}()
#16 C:/Users/kk867/Downloads/Guised Up/Guised Up/backend/laravel/vendor/laravel/framework/src/Illuminate/Foundation/Http/Middleware/TrimStrings.php(51): Illuminate/Foundation/Http/Middleware/TransformsRequest->handle()
#17 C:/Users/kk867/Downloads/Guised Up/Guised Up/backend/laravel/vendor/laravel/framework/src/Illuminate/Pipeline/Pipeline.php(209): Illuminate/Foundation/Http/Middleware/TrimStrings->handle()
#18 C:/Users/kk867/Downloads/Guised Up/Guised Up/backend/laravel/vendor/laravel/framework/src/Illuminate/Http/Middleware/ValidatePostSize.php(27): Illuminate/Pipeline/Pipeline->{closure:{closure:Illuminate/Pipeline/Pipeline::carry():184}:185}()
#19 C:/Users/kk867/Downloads/Guised Up/Guised Up/backend/laravel/vendor/laravel/framework/src/Illuminate/Pipeline/Pipeline.php(209): Illuminate/Http/Middleware/ValidatePostSize->handle()
#20 C:/Users/kk867/Downloads/Guised Up/Guised Up/backend/laravel/vendor/laravel/framework/src/Illuminate/Foundation/Http/Middleware/PreventRequestsDuringMaintenance.php(110): Illuminate/Pipeline/Pipeline->{closure:{closure:Illuminate/Pipeline/Pipeline::carry():184}:185}()
#21 C:/Users/kk867/Downloads/Guised Up/Guised Up/backend/laravel/vendor/laravel/framework/src/Illuminate/Pipeline/Pipeline.php(209): Illuminate/Foundation/Http/Middleware/PreventRequestsDuringMaintenance->handle()
#22 C:/Users/kk867/Downloads/Guised Up/Guised Up/backend/laravel/vendor/laravel/framework/src/Illuminate/Http/Middleware/HandleCors.php(62): Illuminate/Pipeline/Pipeline->{closure:{closure:Illuminate/Pipeline/Pipeline::carry():184}:185}()
#23 C:/Users/kk867/Downloads/Guised Up/Guised Up/backend/laravel/vendor/laravel/framework/src/Illuminate/Pipeline/Pipeline.php(209): Illuminate/Http/Middleware/HandleCors->handle()
#24 C:/Users/kk867/Downloads/Guised Up/Guised Up/backend/laravel/vendor/laravel/framework/src/Illuminate/Http/Middleware/TrustProxies.php(58): Illuminate/Pipeline/Pipeline->{closure:{closure:Illuminate/Pipeline/Pipeline::carry():184}:185}()
#25 C:/Users/kk867/Downloads/Guised Up/Guised Up/backend/laravel/vendor/laravel/framework/src/Illuminate/Pipeline/Pipeline.php(209): Illuminate/Http/Middleware/TrustProxies->handle()
#26 C:/Users/kk867/Downloads/Guised Up/Guised Up/backend/laravel/vendor/laravel/framework/src/Illuminate/Foundation/Http/Middleware/InvokeDeferredCallbacks.php(22): Illuminate/Pipeline/Pipeline->{closure:{closure:Illuminate/Pipeline/Pipeline::carry():184}:185}()
#27 C:/Users/kk867/Downloads/Guised Up/Guised Up/backend/laravel/vendor/laravel/framework/src/Illuminate/Pipeline/Pipeline.php(209): Illuminate/Foundation/Http/Middleware/InvokeDeferredCallbacks->handle()
#28 C:/Users/kk867/Downloads/Guised Up/Guised Up/backend/laravel/vendor/laravel/framework/src/Illuminate/Pipeline/Pipeline.php(127): Illuminate/Pipeline/Pipeline->{closure:{closure:Illuminate/Pipeline/Pipeline::carry():184}:185}()
#29 C:/Users/kk867/Downloads/Guised Up/Guised Up/backend/laravel/vendor/laravel/framework/src/Illuminate/Foundation/Http/Kernel.php(176): Illuminate/Pipeline/Pipeline->then()
#30 C:/Users/kk867/Downloads/Guised Up/Guised Up/backend/laravel/vendor/laravel/framework/src/Illuminate/Foundation/Http/Kernel.php(145): Illuminate/Foundation/Http/Kernel->sendRequestThroughRouter()
#31 C:/Users/kk867/Downloads/Guised Up/Guised Up/backend/laravel/public/index.php(10): Illuminate/Foundation/Http/Kernel->handle()
#32 C:/Users/kk867/Downloads/Guised Up/Guised Up/backend/laravel/vendor/laravel/framework/src/Illuminate/Foundation/resources/server.php(23): require_once('...')
#33 {main}
"} 
[2026-07-10 13:54:14] local.ERROR: Class "App\Http\Controllers\Controller" not found {"exception":"[object] (Error(code: 0): Class \"App\\Http\\Controllers\\Controller\" not found at C:/Users/kk867/Downloads/Guised Up/Guised Up/backend/laravel/app/Http/Controllers/FeedController.php:9)
[stacktrace]
#0 C:/Users/kk867/Downloads/Guised Up/Guised Up/backend/laravel/vendor/composer/ClassLoader.php(576): include()
#1 C:/Users/kk867/Downloads/Guised Up/Guised Up/backend/laravel/vendor/composer/ClassLoader.php(427): {closure:Composer/Autoload/ClassLoader::initializeIncludeClosure():575}()
#2 [internal function]: Composer/Autoload/ClassLoader->loadClass()
#3 C:/Users/kk867/Downloads/Guised Up/Guised Up/backend/laravel/vendor/laravel/framework/src/Illuminate/Routing/Route.php(1117): is_a()
#4 C:/Users/kk867/Downloads/Guised Up/Guised Up/backend/laravel/vendor/laravel/framework/src/Illuminate/Routing/Route.php(1054): Illuminate/Routing/Route->controllerMiddleware()
#5 C:/Users/kk867/Downloads/Guised Up/Guised Up/backend/laravel/vendor/laravel/framework/src/Illuminate/Routing/Router.php(820): Illuminate/Routing/Route->gatherMiddleware()
#6 C:/Users/kk867/Downloads/Guised Up/Guised Up/backend/laravel/vendor/laravel/framework/src/Illuminate/Routing/Router.php(802): Illuminate/Routing/Router->gatherRouteMiddleware()
#7 C:/Users/kk867/Downloads/Guised Up/Guised Up/backend/laravel/vendor/laravel/framework/src/Illuminate/Routing/Router.php(786): Illuminate/Routing/Router->runRouteWithinStack()
#8 C:/Users/kk867/Downloads/Guised Up/Guised Up/backend/laravel/vendor/laravel/framework/src/Illuminate/Routing/Router.php(750): Illuminate/Routing/Router->runRoute()
#9 C:/Users/kk867/Downloads/Guised Up/Guised Up/backend/laravel/vendor/laravel/framework/src/Illuminate/Routing/Router.php(739): Illuminate/Routing/Router->dispatchToRoute()
#10 C:/Users/kk867/Downloads/Guised Up/Guised Up/backend/laravel/vendor/laravel/framework/src/Illuminate/Foundation/Http/Kernel.php(201): Illuminate/Routing/Router->dispatch()
#11 C:/Users/kk867/Downloads/Guised Up/Guised Up/backend/laravel/vendor/laravel/framework/src/Illuminate/Pipeline/Pipeline.php(170): Illuminate/Foundation/Http/Kernel->{closure:Illuminate/Foundation/Http/Kernel::dispatchToRouter():198}()
#12 C:/Users/kk867/Downloads/Guised Up/Guised Up/backend/laravel/vendor/laravel/framework/src/Illuminate/Foundation/Http/Middleware/TransformsRequest.php(21): Illuminate/Pipeline/Pipeline->{closure:Illuminate/Pipeline/Pipeline::prepareDestination():168}()
#13 C:/Users/kk867/Downloads/Guised Up/Guised Up/backend/laravel/vendor/laravel/framework/src/Illuminate/Foundation/Http/Middleware/ConvertEmptyStringsToNull.php(31): Illuminate/Foundation/Http/Middleware/TransformsRequest->handle()
#14 C:/Users/kk867/Downloads/Guised Up/Guised Up/backend/laravel/vendor/laravel/framework/src/Illuminate/Pipeline/Pipeline.php(209): Illuminate/Foundation/Http/Middleware/ConvertEmptyStringsToNull->handle()
#15 C:/Users/kk867/Downloads/Guised Up/Guised Up/backend/laravel/vendor/laravel/framework/src/Illuminate/Foundation/Http/Middleware/TransformsRequest.php(21): Illuminate/Pipeline/Pipeline->{closure:{closure:Illuminate/Pipeline/Pipeline::carry():184}:185}()
#16 C:/Users/kk867/Downloads/Guised Up/Guised Up/backend/laravel/vendor/laravel/framework/src/Illuminate/Foundation/Http/Middleware/TrimStrings.php(51): Illuminate/Foundation/Http/Middleware/TransformsRequest->handle()
#17 C:/Users/kk867/Downloads/Guised Up/Guised Up/backend/laravel/vendor/laravel/framework/src/Illuminate/Pipeline/Pipeline.php(209): Illuminate/Foundation/Http/Middleware/TrimStrings->handle()
#18 C:/Users/kk867/Downloads/Guised Up/Guised Up/backend/laravel/vendor/laravel/framework/src/Illuminate/Http/Middleware/ValidatePostSize.php(27): Illuminate/Pipeline/Pipeline->{closure:{closure:Illuminate/Pipeline/Pipeline::carry():184}:185}()
#19 C:/Users/kk867/Downloads/Guised Up/Guised Up/backend/laravel/vendor/laravel/framework/src/Illuminate/Pipeline/Pipeline.php(209): Illuminate/Http/Middleware/ValidatePostSize->handle()
#20 C:/Users/kk867/Downloads/Guised Up/Guised Up/backend/laravel/vendor/laravel/framework/src/Illuminate/Foundation/Http/Middleware/PreventRequestsDuringMaintenance.php(110): Illuminate/Pipeline/Pipeline->{closure:{closure:Illuminate/Pipeline/Pipeline::carry():184}:185}()
#21 C:/Users/kk867/Downloads/Guised Up/Guised Up/backend/laravel/vendor/laravel/framework/src/Illuminate/Pipeline/Pipeline.php(209): Illuminate/Foundation/Http/Middleware/PreventRequestsDuringMaintenance->handle()
#22 C:/Users/kk867/Downloads/Guised Up/Guised Up/backend/laravel/vendor/laravel/framework/src/Illuminate/Http/Middleware/HandleCors.php(62): Illuminate/Pipeline/Pipeline->{closure:{closure:Illuminate/Pipeline/Pipeline::carry():184}:185}()
#23 C:/Users/kk867/Downloads/Guised Up/Guised Up/backend/laravel/vendor/laravel/framework/src/Illuminate/Pipeline/Pipeline.php(209): Illuminate/Http/Middleware/HandleCors->handle()
#24 C:/Users/kk867/Downloads/Guised Up/Guised Up/backend/laravel/vendor/laravel/framework/src/Illuminate/Http/Middleware/TrustProxies.php(58): Illuminate/Pipeline/Pipeline->{closure:{closure:Illuminate/Pipeline/Pipeline::carry():184}:185}()
#25 C:/Users/kk867/Downloads/Guised Up/Guised Up/backend/laravel/vendor/laravel/framework/src/Illuminate/Pipeline/Pipeline.php(209): Illuminate/Http/Middleware/TrustProxies->handle()
#26 C:/Users/kk867/Downloads/Guised Up/Guised Up/backend/laravel/vendor/laravel/framework/src/Illuminate/Foundation/Http/Middleware/InvokeDeferredCallbacks.php(22): Illuminate/Pipeline/Pipeline->{closure:{closure:Illuminate/Pipeline/Pipeline::carry():184}:185}()
#27 C:/Users/kk867/Downloads/Guised Up/Guised Up/backend/laravel/vendor/laravel/framework/src/Illuminate/Pipeline/Pipeline.php(209): Illuminate/Foundation/Http/Middleware/InvokeDeferredCallbacks->handle()
#28 C:/Users/kk867/Downloads/Guised Up/Guised Up/backend/laravel/vendor/laravel/framework/src/Illuminate/Pipeline/Pipeline.php(127): Illuminate/Pipeline/Pipeline->{closure:{closure:Illuminate/Pipeline/Pipeline::carry():184}:185}()
#29 C:/Users/kk867/Downloads/Guised Up/Guised Up/backend/laravel/vendor/laravel/framework/src/Illuminate/Foundation/Http/Kernel.php(176): Illuminate/Pipeline/Pipeline->then()
#30 C:/Users/kk867/Downloads/Guised Up/Guised Up/backend/laravel/vendor/laravel/framework/src/Illuminate/Foundation/Http/Kernel.php(145): Illuminate/Foundation/Http/Kernel->sendRequestThroughRouter()
#31 C:/Users/kk867/Downloads/Guised Up/Guised Up/backend/laravel/public/index.php(10): Illuminate/Foundation/Http/Kernel->handle()
#32 C:/Users/kk867/Downloads/Guised Up/Guised Up/backend/laravel/vendor/laravel/framework/src/Illuminate/Foundation/resources/server.php(23): require_once('...')
#33 {main}
"} 
[2026-07-10 13:54:15] local.ERROR: Class "App\Http\Controllers\Controller" not found {"exception":"[object] (Error(code: 0): Class \"App\\Http\\Controllers\\Controller\" not found at C:/Users/kk867/Downloads/Guised Up/Guised Up/backend/laravel/app/Http/Controllers/FeedController.php:9)
[stacktrace]
#0 C:/Users/kk867/Downloads/Guised Up/Guised Up/backend/laravel/vendor/composer/ClassLoader.php(576): include()
#1 C:/Users/kk867/Downloads/Guised Up/Guised Up/backend/laravel/vendor/composer/ClassLoader.php(427): {closure:Composer/Autoload/ClassLoader::initializeIncludeClosure():575}()
#2 [internal function]: Composer/Autoload/ClassLoader->loadClass()
#3 C:/Users/kk867/Downloads/Guised Up/Guised Up/backend/laravel/vendor/laravel/framework/src/Illuminate/Routing/Route.php(1117): is_a()
#4 C:/Users/kk867/Downloads/Guised Up/Guised Up/backend/laravel/vendor/laravel/framework/src/Illuminate/Routing/Route.php(1054): Illuminate/Routing/Route->controllerMiddleware()
#5 C:/Users/kk867/Downloads/Guised Up/Guised Up/backend/laravel/vendor/laravel/framework/src/Illuminate/Routing/Router.php(820): Illuminate/Routing/Route->gatherMiddleware()
#6 C:/Users/kk867/Downloads/Guised Up/Guised Up/backend/laravel/vendor/laravel/framework/src/Illuminate/Routing/Router.php(802): Illuminate/Routing/Router->gatherRouteMiddleware()
#7 C:/Users/kk867/Downloads/Guised Up/Guised Up/backend/laravel/vendor/laravel/framework/src/Illuminate/Routing/Router.php(786): Illuminate/Routing/Router->runRouteWithinStack()
#8 C:/Users/kk867/Downloads/Guised Up/Guised Up/backend/laravel/vendor/laravel/framework/src/Illuminate/Routing/Router.php(750): Illuminate/Routing/Router->runRoute()
#9 C:/Users/kk867/Downloads/Guised Up/Guised Up/backend/laravel/vendor/laravel/framework/src/Illuminate/Routing/Router.php(739): Illuminate/Routing/Router->dispatchToRoute()
#10 C:/Users/kk867/Downloads/Guised Up/Guised Up/backend/laravel/vendor/laravel/framework/src/Illuminate/Foundation/Http/Kernel.php(201): Illuminate/Routing/Router->dispatch()
#11 C:/Users/kk867/Downloads/Guised Up/Guised Up/backend/laravel/vendor/laravel/framework/src/Illuminate/Pipeline/Pipeline.php(170): Illuminate/Foundation/Http/Kernel->{closure:Illuminate/Foundation/Http/Kernel::dispatchToRouter():198}()
#12 C:/Users/kk867/Downloads/Guised Up/Guised Up/backend/laravel/vendor/laravel/framework/src/Illuminate/Foundation/Http/Middleware/TransformsRequest.php(21): Illuminate/Pipeline/Pipeline->{closure:Illuminate/Pipeline/Pipeline::prepareDestination():168}()
#13 C:/Users/kk867/Downloads/Guised Up/Guised Up/backend/laravel/vendor/laravel/framework/src/Illuminate/Foundation/Http/Middleware/ConvertEmptyStringsToNull.php(31): Illuminate/Foundation/Http/Middleware/TransformsRequest->handle()
#14 C:/Users/kk867/Downloads/Guised Up/Guised Up/backend/laravel/vendor/laravel/framework/src/Illuminate/Pipeline/Pipeline.php(209): Illuminate/Foundation/Http/Middleware/ConvertEmptyStringsToNull->handle()
#15 C:/Users/kk867/Downloads/Guised Up/Guised Up/backend/laravel/vendor/laravel/framework/src/Illuminate/Foundation/Http/Middleware/TransformsRequest.php(21): Illuminate/Pipeline/Pipeline->{closure:{closure:Illuminate/Pipeline/Pipeline::carry():184}:185}()
#16 C:/Users/kk867/Downloads/Guised Up/Guised Up/backend/laravel/vendor/laravel/framework/src/Illuminate/Foundation/Http/Middleware/TrimStrings.php(51): Illuminate/Foundation/Http/Middleware/TransformsRequest->handle()
#17 C:/Users/kk867/Downloads/Guised Up/Guised Up/backend/laravel/vendor/laravel/framework/src/Illuminate/Pipeline/Pipeline.php(209): Illuminate/Foundation/Http/Middleware/TrimStrings->handle()
#18 C:/Users/kk867/Downloads/Guised Up/Guised Up/backend/laravel/vendor/laravel/framework/src/Illuminate/Http/Middleware/ValidatePostSize.php(27): Illuminate/Pipeline/Pipeline->{closure:{closure:Illuminate/Pipeline/Pipeline::carry():184}:185}()
#19 C:/Users/kk867/Downloads/Guised Up/Guised Up/backend/laravel/vendor/laravel/framework/src/Illuminate/Pipeline/Pipeline.php(209): Illuminate/Http/Middleware/ValidatePostSize->handle()
#20 C:/Users/kk867/Downloads/Guised Up/Guised Up/backend/laravel/vendor/laravel/framework/src/Illuminate/Foundation/Http/Middleware/PreventRequestsDuringMaintenance.php(110): Illuminate/Pipeline/Pipeline->{closure:{closure:Illuminate/Pipeline/Pipeline::carry():184}:185}()
#21 C:/Users/kk867/Downloads/Guised Up/Guised Up/backend/laravel/vendor/laravel/framework/src/Illuminate/Pipeline/Pipeline.php(209): Illuminate/Foundation/Http/Middleware/PreventRequestsDuringMaintenance->handle()
#22 C:/Users/kk867/Downloads/Guised Up/Guised Up/backend/laravel/vendor/laravel/framework/src/Illuminate/Http/Middleware/HandleCors.php(62): Illuminate/Pipeline/Pipeline->{closure:{closure:Illuminate/Pipeline/Pipeline::carry():184}:185}()
#23 C:/Users/kk867/Downloads/Guised Up/Guised Up/backend/laravel/vendor/laravel/framework/src/Illuminate/Pipeline/Pipeline.php(209): Illuminate/Http/Middleware/HandleCors->handle()
#24 C:/Users/kk867/Downloads/Guised Up/Guised Up/backend/laravel/vendor/laravel/framework/src/Illuminate/Http/Middleware/TrustProxies.php(58): Illuminate/Pipeline/Pipeline->{closure:{closure:Illuminate/Pipeline/Pipeline::carry():184}:185}()
#25 C:/Users/kk867/Downloads/Guised Up/Guised Up/backend/laravel/vendor/laravel/framework/src/Illuminate/Pipeline/Pipeline.php(209): Illuminate/Http/Middleware/TrustProxies->handle()
#26 C:/Users/kk867/Downloads/Guised Up/Guised Up/backend/laravel/vendor/laravel/framework/src/Illuminate/Foundation/Http/Middleware/InvokeDeferredCallbacks.php(22): Illuminate/Pipeline/Pipeline->{closure:{closure:Illuminate/Pipeline/Pipeline::carry():184}:185}()
#27 C:/Users/kk867/Downloads/Guised Up/Guised Up/backend/laravel/vendor/laravel/framework/src/Illuminate/Pipeline/Pipeline.php(209): Illuminate/Foundation/Http/Middleware/InvokeDeferredCallbacks->handle()
#28 C:/Users/kk867/Downloads/Guised Up/Guised Up/backend/laravel/vendor/laravel/framework/src/Illuminate/Pipeline/Pipeline.php(127): Illuminate/Pipeline/Pipeline->{closure:{closure:Illuminate/Pipeline/Pipeline::carry():184}:185}()
#29 C:/Users/kk867/Downloads/Guised Up/Guised Up/backend/laravel/vendor/laravel/framework/src/Illuminate/Foundation/Http/Kernel.php(176): Illuminate/Pipeline/Pipeline->then()
#30 C:/Users/kk867/Downloads/Guised Up/Guised Up/backend/laravel/vendor/laravel/framework/src/Illuminate/Foundation/Http/Kernel.php(145): Illuminate/Foundation/Http/Kernel->sendRequestThroughRouter()
#31 C:/Users/kk867/Downloads/Guised Up/Guised Up/backend/laravel/public/index.php(10): Illuminate/Foundation/Http/Kernel->handle()
#32 C:/Users/kk867/Downloads/Guised Up/Guised Up/backend/laravel/vendor/laravel/framework/src/Illuminate/Foundation/resources/server.php(23): require_once('...')
#33 {main}
"} 
[2026-07-10 13:54:21] local.ERROR: Class "App\Http\Controllers\Controller" not found {"exception":"[object] (Error(code: 0): Class \"App\\Http\\Controllers\\Controller\" not found at C:/Users/kk867/Downloads/Guised Up/Guised Up/backend/laravel/app/Http/Controllers/FeedController.php:9)
[stacktrace]
#0 C:/Users/kk867/Downloads/Guised Up/Guised Up/backend/laravel/vendor/composer/ClassLoader.php(576): include()
#1 C:/Users/kk867/Downloads/Guised Up/Guised Up/backend/laravel/vendor/composer/ClassLoader.php(427): {closure:Composer/Autoload/ClassLoader::initializeIncludeClosure():575}()
#2 [internal function]: Composer/Autoload/ClassLoader->loadClass()
#3 C:/Users/kk867/Downloads/Guised Up/Guised Up/backend/laravel/vendor/laravel/framework/src/Illuminate/Routing/Route.php(1117): is_a()
#4 C:/Users/kk867/Downloads/Guised Up/Guised Up/backend/laravel/vendor/laravel/framework/src/Illuminate/Routing/Route.php(1054): Illuminate/Routing/Route->controllerMiddleware()
#5 C:/Users/kk867/Downloads/Guised Up/Guised Up/backend/laravel/vendor/laravel/framework/src/Illuminate/Routing/Router.php(820): Illuminate/Routing/Route->gatherMiddleware()
#6 C:/Users/kk867/Downloads/Guised Up/Guised Up/backend/laravel/vendor/laravel/framework/src/Illuminate/Routing/Router.php(802): Illuminate/Routing/Router->gatherRouteMiddleware()
#7 C:/Users/kk867/Downloads/Guised Up/Guised Up/backend/laravel/vendor/laravel/framework/src/Illuminate/Routing/Router.php(786): Illuminate/Routing/Router->runRouteWithinStack()
#8 C:/Users/kk867/Downloads/Guised Up/Guised Up/backend/laravel/vendor/laravel/framework/src/Illuminate/Routing/Router.php(750): Illuminate/Routing/Router->runRoute()
#9 C:/Users/kk867/Downloads/Guised Up/Guised Up/backend/laravel/vendor/laravel/framework/src/Illuminate/Routing/Router.php(739): Illuminate/Routing/Router->dispatchToRoute()
#10 C:/Users/kk867/Downloads/Guised Up/Guised Up/backend/laravel/vendor/laravel/framework/src/Illuminate/Foundation/Http/Kernel.php(201): Illuminate/Routing/Router->dispatch()
#11 C:/Users/kk867/Downloads/Guised Up/Guised Up/backend/laravel/vendor/laravel/framework/src/Illuminate/Pipeline/Pipeline.php(170): Illuminate/Foundation/Http/Kernel->{closure:Illuminate/Foundation/Http/Kernel::dispatchToRouter():198}()
#12 C:/Users/kk867/Downloads/Guised Up/Guised Up/backend/laravel/vendor/laravel/framework/src/Illuminate/Foundation/Http/Middleware/TransformsRequest.php(21): Illuminate/Pipeline/Pipeline->{closure:Illuminate/Pipeline/Pipeline::prepareDestination():168}()
#13 C:/Users/kk867/Downloads/Guised Up/Guised Up/backend/laravel/vendor/laravel/framework/src/Illuminate/Foundation/Http/Middleware/ConvertEmptyStringsToNull.php(31): Illuminate/Foundation/Http/Middleware/TransformsRequest->handle()
#14 C:/Users/kk867/Downloads/Guised Up/Guised Up/backend/laravel/vendor/laravel/framework/src/Illuminate/Pipeline/Pipeline.php(209): Illuminate/Foundation/Http/Middleware/ConvertEmptyStringsToNull->handle()
#15 C:/Users/kk867/Downloads/Guised Up/Guised Up/backend/laravel/vendor/laravel/framework/src/Illuminate/Foundation/Http/Middleware/TransformsRequest.php(21): Illuminate/Pipeline/Pipeline->{closure:{closure:Illuminate/Pipeline/Pipeline::carry():184}:185}()
#16 C:/Users/kk867/Downloads/Guised Up/Guised Up/backend/laravel/vendor/laravel/framework/src/Illuminate/Foundation/Http/Middleware/TrimStrings.php(51): Illuminate/Foundation/Http/Middleware/TransformsRequest->handle()
#17 C:/Users/kk867/Downloads/Guised Up/Guised Up/backend/laravel/vendor/laravel/framework/src/Illuminate/Pipeline/Pipeline.php(209): Illuminate/Foundation/Http/Middleware/TrimStrings->handle()
#18 C:/Users/kk867/Downloads/Guised Up/Guised Up/backend/laravel/vendor/laravel/framework/src/Illuminate/Http/Middleware/ValidatePostSize.php(27): Illuminate/Pipeline/Pipeline->{closure:{closure:Illuminate/Pipeline/Pipeline::carry():184}:185}()
#19 C:/Users/kk867/Downloads/Guised Up/Guised Up/backend/laravel/vendor/laravel/framework/src/Illuminate/Pipeline/Pipeline.php(209): Illuminate/Http/Middleware/ValidatePostSize->handle()
#20 C:/Users/kk867/Downloads/Guised Up/Guised Up/backend/laravel/vendor/laravel/framework/src/Illuminate/Foundation/Http/Middleware/PreventRequestsDuringMaintenance.php(110): Illuminate/Pipeline/Pipeline->{closure:{closure:Illuminate/Pipeline/Pipeline::carry():184}:185}()
#21 C:/Users/kk867/Downloads/Guised Up/Guised Up/backend/laravel/vendor/laravel/framework/src/Illuminate/Pipeline/Pipeline.php(209): Illuminate/Foundation/Http/Middleware/PreventRequestsDuringMaintenance->handle()
#22 C:/Users/kk867/Downloads/Guised Up/Guised Up/backend/laravel/vendor/laravel/framework/src/Illuminate/Http/Middleware/HandleCors.php(62): Illuminate/Pipeline/Pipeline->{closure:{closure:Illuminate/Pipeline/Pipeline::carry():184}:185}()
#23 C:/Users/kk867/Downloads/Guised Up/Guised Up/backend/laravel/vendor/laravel/framework/src/Illuminate/Pipeline/Pipeline.php(209): Illuminate/Http/Middleware/HandleCors->handle()
#24 C:/Users/kk867/Downloads/Guised Up/Guised Up/backend/laravel/vendor/laravel/framework/src/Illuminate/Http/Middleware/TrustProxies.php(58): Illuminate/Pipeline/Pipeline->{closure:{closure:Illuminate/Pipeline/Pipeline::carry():184}:185}()
#25 C:/Users/kk867/Downloads/Guised Up/Guised Up/backend/laravel/vendor/laravel/framework/src/Illuminate/Pipeline/Pipeline.php(209): Illuminate/Http/Middleware/TrustProxies->handle()
#26 C:/Users/kk867/Downloads/Guised Up/Guised Up/backend/laravel/vendor/laravel/framework/src/Illuminate/Foundation/Http/Middleware/InvokeDeferredCallbacks.php(22): Illuminate/Pipeline/Pipeline->{closure:{closure:Illuminate/Pipeline/Pipeline::carry():184}:185}()
#27 C:/Users/kk867/Downloads/Guised Up/Guised Up/backend/laravel/vendor/laravel/framework/src/Illuminate/Pipeline/Pipeline.php(209): Illuminate/Foundation/Http/Middleware/InvokeDeferredCallbacks->handle()
#28 C:/Users/kk867/Downloads/Guised Up/Guised Up/backend/laravel/vendor/laravel/framework/src/Illuminate/Pipeline/Pipeline.php(127): Illuminate/Pipeline/Pipeline->{closure:{closure:Illuminate/Pipeline/Pipeline::carry():184}:185}()
#29 C:/Users/kk867/Downloads/Guised Up/Guised Up/backend/laravel/vendor/laravel/framework/src/Illuminate/Foundation/Http/Kernel.php(176): Illuminate/Pipeline/Pipeline->then()
#30 C:/Users/kk867/Downloads/Guised Up/Guised Up/backend/laravel/vendor/laravel/framework/src/Illuminate/Foundation/Http/Kernel.php(145): Illuminate/Foundation/Http/Kernel->sendRequestThroughRouter()
#31 C:/Users/kk867/Downloads/Guised Up/Guised Up/backend/laravel/public/index.php(10): Illuminate/Foundation/Http/Kernel->handle()
#32 C:/Users/kk867/Downloads/Guised Up/Guised Up/backend/laravel/vendor/laravel/framework/src/Illuminate/Foundation/resources/server.php(23): require_once('...')
#33 {main}
"} 
[2026-07-10 13:54:21] local.ERROR: Class "App\Http\Controllers\Controller" not found {"exception":"[object] (Error(code: 0): Class \"App\\Http\\Controllers\\Controller\" not found at C:/Users/kk867/Downloads/Guised Up/Guised Up/backend/laravel/app/Http/Controllers/FeedController.php:9)
[stacktrace]
#0 C:/Users/kk867/Downloads/Guised Up/Guised Up/backend/laravel/vendor/composer/ClassLoader.php(576): include()
#1 C:/Users/kk867/Downloads/Guised Up/Guised Up/backend/laravel/vendor/composer/ClassLoader.php(427): {closure:Composer/Autoload/ClassLoader::initializeIncludeClosure():575}()
#2 [internal function]: Composer/Autoload/ClassLoader->loadClass()
#3 C:/Users/kk867/Downloads/Guised Up/Guised Up/backend/laravel/vendor/laravel/framework/src/Illuminate/Routing/Route.php(1117): is_a()
#4 C:/Users/kk867/Downloads/Guised Up/Guised Up/backend/laravel/vendor/laravel/framework/src/Illuminate/Routing/Route.php(1054): Illuminate/Routing/Route->controllerMiddleware()
#5 C:/Users/kk867/Downloads/Guised Up/Guised Up/backend/laravel/vendor/laravel/framework/src/Illuminate/Routing/Router.php(820): Illuminate/Routing/Route->gatherMiddleware()
#6 C:/Users/kk867/Downloads/Guised Up/Guised Up/backend/laravel/vendor/laravel/framework/src/Illuminate/Routing/Router.php(802): Illuminate/Routing/Router->gatherRouteMiddleware()
#7 C:/Users/kk867/Downloads/Guised Up/Guised Up/backend/laravel/vendor/laravel/framework/src/Illuminate/Routing/Router.php(786): Illuminate/Routing/Router->runRouteWithinStack()
#8 C:/Users/kk867/Downloads/Guised Up/Guised Up/backend/laravel/vendor/laravel/framework/src/Illuminate/Routing/Router.php(750): Illuminate/Routing/Router->runRoute()
#9 C:/Users/kk867/Downloads/Guised Up/Guised Up/backend/laravel/vendor/laravel/framework/src/Illuminate/Routing/Router.php(739): Illuminate/Routing/Router->dispatchToRoute()
#10 C:/Users/kk867/Downloads/Guised Up/Guised Up/backend/laravel/vendor/laravel/framework/src/Illuminate/Foundation/Http/Kernel.php(201): Illuminate/Routing/Router->dispatch()
#11 C:/Users/kk867/Downloads/Guised Up/Guised Up/backend/laravel/vendor/laravel/framework/src/Illuminate/Pipeline/Pipeline.php(170): Illuminate/Foundation/Http/Kernel->{closure:Illuminate/Foundation/Http/Kernel::dispatchToRouter():198}()
#12 C:/Users/kk867/Downloads/Guised Up/Guised Up/backend/laravel/vendor/laravel/framework/src/Illuminate/Foundation/Http/Middleware/TransformsRequest.php(21): Illuminate/Pipeline/Pipeline->{closure:Illuminate/Pipeline/Pipeline::prepareDestination():168}()
#13 C:/Users/kk867/Downloads/Guised Up/Guised Up/backend/laravel/vendor/laravel/framework/src/Illuminate/Foundation/Http/Middleware/ConvertEmptyStringsToNull.php(31): Illuminate/Foundation/Http/Middleware/TransformsRequest->handle()
#14 C:/Users/kk867/Downloads/Guised Up/Guised Up/backend/laravel/vendor/laravel/framework/src/Illuminate/Pipeline/Pipeline.php(209): Illuminate/Foundation/Http/Middleware/ConvertEmptyStringsToNull->handle()
#15 C:/Users/kk867/Downloads/Guised Up/Guised Up/backend/laravel/vendor/laravel/framework/src/Illuminate/Foundation/Http/Middleware/TransformsRequest.php(21): Illuminate/Pipeline/Pipeline->{closure:{closure:Illuminate/Pipeline/Pipeline::carry():184}:185}()
#16 C:/Users/kk867/Downloads/Guised Up/Guised Up/backend/laravel/vendor/laravel/framework/src/Illuminate/Foundation/Http/Middleware/TrimStrings.php(51): Illuminate/Foundation/Http/Middleware/TransformsRequest->handle()
#17 C:/Users/kk867/Downloads/Guised Up/Guised Up/backend/laravel/vendor/laravel/framework/src/Illuminate/Pipeline/Pipeline.php(209): Illuminate/Foundation/Http/Middleware/TrimStrings->handle()
#18 C:/Users/kk867/Downloads/Guised Up/Guised Up/backend/laravel/vendor/laravel/framework/src/Illuminate/Http/Middleware/ValidatePostSize.php(27): Illuminate/Pipeline/Pipeline->{closure:{closure:Illuminate/Pipeline/Pipeline::carry():184}:185}()
#19 C:/Users/kk867/Downloads/Guised Up/Guised Up/backend/laravel/vendor/laravel/framework/src/Illuminate/Pipeline/Pipeline.php(209): Illuminate/Http/Middleware/ValidatePostSize->handle()
#20 C:/Users/kk867/Downloads/Guised Up/Guised Up/backend/laravel/vendor/laravel/framework/src/Illuminate/Foundation/Http/Middleware/PreventRequestsDuringMaintenance.php(110): Illuminate/Pipeline/Pipeline->{closure:{closure:Illuminate/Pipeline/Pipeline::carry():184}:185}()
#21 C:/Users/kk867/Downloads/Guised Up/Guised Up/backend/laravel/vendor/laravel/framework/src/Illuminate/Pipeline/Pipeline.php(209): Illuminate/Foundation/Http/Middleware/PreventRequestsDuringMaintenance->handle()
#22 C:/Users/kk867/Downloads/Guised Up/Guised Up/backend/laravel/vendor/laravel/framework/src/Illuminate/Http/Middleware/HandleCors.php(62): Illuminate/Pipeline/Pipeline->{closure:{closure:Illuminate/Pipeline/Pipeline::carry():184}:185}()
#23 C:/Users/kk867/Downloads/Guised Up/Guised Up/backend/laravel/vendor/laravel/framework/src/Illuminate/Pipeline/Pipeline.php(209): Illuminate/Http/Middleware/HandleCors->handle()
#24 C:/Users/kk867/Downloads/Guised Up/Guised Up/backend/laravel/vendor/laravel/framework/src/Illuminate/Http/Middleware/TrustProxies.php(58): Illuminate/Pipeline/Pipeline->{closure:{closure:Illuminate/Pipeline/Pipeline::carry():184}:185}()
#25 C:/Users/kk867/Downloads/Guised Up/Guised Up/backend/laravel/vendor/laravel/framework/src/Illuminate/Pipeline/Pipeline.php(209): Illuminate/Http/Middleware/TrustProxies->handle()
#26 C:/Users/kk867/Downloads/Guised Up/Guised Up/backend/laravel/vendor/laravel/framework/src/Illuminate/Foundation/Http/Middleware/InvokeDeferredCallbacks.php(22): Illuminate/Pipeline/Pipeline->{closure:{closure:Illuminate/Pipeline/Pipeline::carry():184}:185}()
#27 C:/Users/kk867/Downloads/Guised Up/Guised Up/backend/laravel/vendor/laravel/framework/src/Illuminate/Pipeline/Pipeline.php(209): Illuminate/Foundation/Http/Middleware/InvokeDeferredCallbacks->handle()
#28 C:/Users/kk867/Downloads/Guised Up/Guised Up/backend/laravel/vendor/laravel/framework/src/Illuminate/Pipeline/Pipeline.php(127): Illuminate/Pipeline/Pipeline->{closure:{closure:Illuminate/Pipeline/Pipeline::carry():184}:185}()
#29 C:/Users/kk867/Downloads/Guised Up/Guised Up/backend/laravel/vendor/laravel/framework/src/Illuminate/Foundation/Http/Kernel.php(176): Illuminate/Pipeline/Pipeline->then()
#30 C:/Users/kk867/Downloads/Guised Up/Guised Up/backend/laravel/vendor/laravel/framework/src/Illuminate/Foundation/Http/Kernel.php(145): Illuminate/Foundation/Http/Kernel->sendRequestThroughRouter()
#31 C:/Users/kk867/Downloads/Guised Up/Guised Up/backend/laravel/public/index.php(10): Illuminate/Foundation/Http/Kernel->handle()
#32 C:/Users/kk867/Downloads/Guised Up/Guised Up/backend/laravel/vendor/laravel/framework/src/Illuminate/Foundation/resources/server.php(23): require_once('...')
#33 {main}
"} 
[2026-07-10 13:55:57] local.ERROR: Class "App\Http\Controllers\Controller" not found {"exception":"[object] (Error(code: 0): Class \"App\\Http\\Controllers\\Controller\" not found at C:/Users/kk867/Downloads/Guised Up/Guised Up/backend/laravel/app/Http/Controllers/AuthController.php:10)
[stacktrace]
#0 C:/Users/kk867/Downloads/Guised Up/Guised Up/backend/laravel/vendor/composer/ClassLoader.php(576): include()
#1 C:/Users/kk867/Downloads/Guised Up/Guised Up/backend/laravel/vendor/composer/ClassLoader.php(427): {closure:Composer/Autoload/ClassLoader::initializeIncludeClosure():575}()
#2 [internal function]: Composer/Autoload/ClassLoader->loadClass()
#3 C:/Users/kk867/Downloads/Guised Up/Guised Up/backend/laravel/vendor/laravel/framework/src/Illuminate/Routing/Route.php(1117): is_a()
#4 C:/Users/kk867/Downloads/Guised Up/Guised Up/backend/laravel/vendor/laravel/framework/src/Illuminate/Routing/Route.php(1054): Illuminate/Routing/Route->controllerMiddleware()
#5 C:/Users/kk867/Downloads/Guised Up/Guised Up/backend/laravel/vendor/laravel/framework/src/Illuminate/Routing/Router.php(820): Illuminate/Routing/Route->gatherMiddleware()
#6 C:/Users/kk867/Downloads/Guised Up/Guised Up/backend/laravel/vendor/laravel/framework/src/Illuminate/Routing/Router.php(802): Illuminate/Routing/Router->gatherRouteMiddleware()
#7 C:/Users/kk867/Downloads/Guised Up/Guised Up/backend/laravel/vendor/laravel/framework/src/Illuminate/Routing/Router.php(786): Illuminate/Routing/Router->runRouteWithinStack()
#8 C:/Users/kk867/Downloads/Guised Up/Guised Up/backend/laravel/vendor/laravel/framework/src/Illuminate/Routing/Router.php(750): Illuminate/Routing/Router->runRoute()
#9 C:/Users/kk867/Downloads/Guised Up/Guised Up/backend/laravel/vendor/laravel/framework/src/Illuminate/Routing/Router.php(739): Illuminate/Routing/Router->dispatchToRoute()
#10 C:/Users/kk867/Downloads/Guised Up/Guised Up/backend/laravel/vendor/laravel/framework/src/Illuminate/Foundation/Http/Kernel.php(201): Illuminate/Routing/Router->dispatch()
#11 C:/Users/kk867/Downloads/Guised Up/Guised Up/backend/laravel/vendor/laravel/framework/src/Illuminate/Pipeline/Pipeline.php(170): Illuminate/Foundation/Http/Kernel->{closure:Illuminate/Foundation/Http/Kernel::dispatchToRouter():198}()
#12 C:/Users/kk867/Downloads/Guised Up/Guised Up/backend/laravel/vendor/laravel/framework/src/Illuminate/Foundation/Http/Middleware/TransformsRequest.php(21): Illuminate/Pipeline/Pipeline->{closure:Illuminate/Pipeline/Pipeline::prepareDestination():168}()
#13 C:/Users/kk867/Downloads/Guised Up/Guised Up/backend/laravel/vendor/laravel/framework/src/Illuminate/Foundation/Http/Middleware/ConvertEmptyStringsToNull.php(31): Illuminate/Foundation/Http/Middleware/TransformsRequest->handle()
#14 C:/Users/kk867/Downloads/Guised Up/Guised Up/backend/laravel/vendor/laravel/framework/src/Illuminate/Pipeline/Pipeline.php(209): Illuminate/Foundation/Http/Middleware/ConvertEmptyStringsToNull->handle()
#15 C:/Users/kk867/Downloads/Guised Up/Guised Up/backend/laravel/vendor/laravel/framework/src/Illuminate/Foundation/Http/Middleware/TransformsRequest.php(21): Illuminate/Pipeline/Pipeline->{closure:{closure:Illuminate/Pipeline/Pipeline::carry():184}:185}()
#16 C:/Users/kk867/Downloads/Guised Up/Guised Up/backend/laravel/vendor/laravel/framework/src/Illuminate/Foundation/Http/Middleware/TrimStrings.php(51): Illuminate/Foundation/Http/Middleware/TransformsRequest->handle()
#17 C:/Users/kk867/Downloads/Guised Up/Guised Up/backend/laravel/vendor/laravel/framework/src/Illuminate/Pipeline/Pipeline.php(209): Illuminate/Foundation/Http/Middleware/TrimStrings->handle()
#18 C:/Users/kk867/Downloads/Guised Up/Guised Up/backend/laravel/vendor/laravel/framework/src/Illuminate/Http/Middleware/ValidatePostSize.php(27): Illuminate/Pipeline/Pipeline->{closure:{closure:Illuminate/Pipeline/Pipeline::carry():184}:185}()
#19 C:/Users/kk867/Downloads/Guised Up/Guised Up/backend/laravel/vendor/laravel/framework/src/Illuminate/Pipeline/Pipeline.php(209): Illuminate/Http/Middleware/ValidatePostSize->handle()
#20 C:/Users/kk867/Downloads/Guised Up/Guised Up/backend/laravel/vendor/laravel/framework/src/Illuminate/Foundation/Http/Middleware/PreventRequestsDuringMaintenance.php(110): Illuminate/Pipeline/Pipeline->{closure:{closure:Illuminate/Pipeline/Pipeline::carry():184}:185}()
#21 C:/Users/kk867/Downloads/Guised Up/Guised Up/backend/laravel/vendor/laravel/framework/src/Illuminate/Pipeline/Pipeline.php(209): Illuminate/Foundation/Http/Middleware/PreventRequestsDuringMaintenance->handle()
#22 C:/Users/kk867/Downloads/Guised Up/Guised Up/backend/laravel/vendor/laravel/framework/src/Illuminate/Http/Middleware/HandleCors.php(62): Illuminate/Pipeline/Pipeline->{closure:{closure:Illuminate/Pipeline/Pipeline::carry():184}:185}()
#23 C:/Users/kk867/Downloads/Guised Up/Guised Up/backend/laravel/vendor/laravel/framework/src/Illuminate/Pipeline/Pipeline.php(209): Illuminate/Http/Middleware/HandleCors->handle()
#24 C:/Users/kk867/Downloads/Guised Up/Guised Up/backend/laravel/vendor/laravel/framework/src/Illuminate/Http/Middleware/TrustProxies.php(58): Illuminate/Pipeline/Pipeline->{closure:{closure:Illuminate/Pipeline/Pipeline::carry():184}:185}()
#25 C:/Users/kk867/Downloads/Guised Up/Guised Up/backend/laravel/vendor/laravel/framework/src/Illuminate/Pipeline/Pipeline.php(209): Illuminate/Http/Middleware/TrustProxies->handle()
#26 C:/Users/kk867/Downloads/Guised Up/Guised Up/backend/laravel/vendor/laravel/framework/src/Illuminate/Foundation/Http/Middleware/InvokeDeferredCallbacks.php(22): Illuminate/Pipeline/Pipeline->{closure:{closure:Illuminate/Pipeline/Pipeline::carry():184}:185}()
#27 C:/Users/kk867/Downloads/Guised Up/Guised Up/backend/laravel/vendor/laravel/framework/src/Illuminate/Pipeline/Pipeline.php(209): Illuminate/Foundation/Http/Middleware/InvokeDeferredCallbacks->handle()
#28 C:/Users/kk867/Downloads/Guised Up/Guised Up/backend/laravel/vendor/laravel/framework/src/Illuminate/Pipeline/Pipeline.php(127): Illuminate/Pipeline/Pipeline->{closure:{closure:Illuminate/Pipeline/Pipeline::carry():184}:185}()
#29 C:/Users/kk867/Downloads/Guised Up/Guised Up/backend/laravel/vendor/laravel/framework/src/Illuminate/Foundation/Http/Kernel.php(176): Illuminate/Pipeline/Pipeline->then()
#30 C:/Users/kk867/Downloads/Guised Up/Guised Up/backend/laravel/vendor/laravel/framework/src/Illuminate/Foundation/Http/Kernel.php(145): Illuminate/Foundation/Http/Kernel->sendRequestThroughRouter()
#31 C:/Users/kk867/Downloads/Guised Up/Guised Up/backend/laravel/public/index.php(10): Illuminate/Foundation/Http/Kernel->handle()
#32 C:/Users/kk867/Downloads/Guised Up/Guised Up/backend/laravel/vendor/laravel/framework/src/Illuminate/Foundation/resources/server.php(23): require_once('...')
#33 {main}
"} 
[2026-07-10 13:58:37] local.ERROR: Class "App\Http\Controllers\Controller" not found {"exception":"[object] (Error(code: 0): Class \"App\\Http\\Controllers\\Controller\" not found at C:/Users/kk867/Downloads/Guised Up/Guised Up/backend/laravel/app/Http/Controllers/AuthController.php:10)
[stacktrace]
#0 C:/Users/kk867/Downloads/Guised Up/Guised Up/backend/laravel/vendor/composer/ClassLoader.php(576): include()
#1 C:/Users/kk867/Downloads/Guised Up/Guised Up/backend/laravel/vendor/composer/ClassLoader.php(427): {closure:Composer/Autoload/ClassLoader::initializeIncludeClosure():575}()
#2 [internal function]: Composer/Autoload/ClassLoader->loadClass()
#3 C:/Users/kk867/Downloads/Guised Up/Guised Up/backend/laravel/vendor/laravel/framework/src/Illuminate/Routing/Route.php(1117): is_a()
#4 C:/Users/kk867/Downloads/Guised Up/Guised Up/backend/laravel/vendor/laravel/framework/src/Illuminate/Routing/Route.php(1054): Illuminate/Routing/Route->controllerMiddleware()
#5 C:/Users/kk867/Downloads/Guised Up/Guised Up/backend/laravel/vendor/laravel/framework/src/Illuminate/Routing/Router.php(820): Illuminate/Routing/Route->gatherMiddleware()
#6 C:/Users/kk867/Downloads/Guised Up/Guised Up/backend/laravel/vendor/laravel/framework/src/Illuminate/Routing/Router.php(802): Illuminate/Routing/Router->gatherRouteMiddleware()
#7 C:/Users/kk867/Downloads/Guised Up/Guised Up/backend/laravel/vendor/laravel/framework/src/Illuminate/Routing/Router.php(786): Illuminate/Routing/Router->runRouteWithinStack()
#8 C:/Users/kk867/Downloads/Guised Up/Guised Up/backend/laravel/vendor/laravel/framework/src/Illuminate/Routing/Router.php(750): Illuminate/Routing/Router->runRoute()
#9 C:/Users/kk867/Downloads/Guised Up/Guised Up/backend/laravel/vendor/laravel/framework/src/Illuminate/Routing/Router.php(739): Illuminate/Routing/Router->dispatchToRoute()
#10 C:/Users/kk867/Downloads/Guised Up/Guised Up/backend/laravel/vendor/laravel/framework/src/Illuminate/Foundation/Http/Kernel.php(201): Illuminate/Routing/Router->dispatch()
#11 C:/Users/kk867/Downloads/Guised Up/Guised Up/backend/laravel/vendor/laravel/framework/src/Illuminate/Pipeline/Pipeline.php(170): Illuminate/Foundation/Http/Kernel->{closure:Illuminate/Foundation/Http/Kernel::dispatchToRouter():198}()
#12 C:/Users/kk867/Downloads/Guised Up/Guised Up/backend/laravel/vendor/laravel/framework/src/Illuminate/Foundation/Http/Middleware/TransformsRequest.php(21): Illuminate/Pipeline/Pipeline->{closure:Illuminate/Pipeline/Pipeline::prepareDestination():168}()
#13 C:/Users/kk867/Downloads/Guised Up/Guised Up/backend/laravel/vendor/laravel/framework/src/Illuminate/Foundation/Http/Middleware/ConvertEmptyStringsToNull.php(31): Illuminate/Foundation/Http/Middleware/TransformsRequest->handle()
#14 C:/Users/kk867/Downloads/Guised Up/Guised Up/backend/laravel/vendor/laravel/framework/src/Illuminate/Pipeline/Pipeline.php(209): Illuminate/Foundation/Http/Middleware/ConvertEmptyStringsToNull->handle()
#15 C:/Users/kk867/Downloads/Guised Up/Guised Up/backend/laravel/vendor/laravel/framework/src/Illuminate/Foundation/Http/Middleware/TransformsRequest.php(21): Illuminate/Pipeline/Pipeline->{closure:{closure:Illuminate/Pipeline/Pipeline::carry():184}:185}()
#16 C:/Users/kk867/Downloads/Guised Up/Guised Up/backend/laravel/vendor/laravel/framework/src/Illuminate/Foundation/Http/Middleware/TrimStrings.php(51): Illuminate/Foundation/Http/Middleware/TransformsRequest->handle()
#17 C:/Users/kk867/Downloads/Guised Up/Guised Up/backend/laravel/vendor/laravel/framework/src/Illuminate/Pipeline/Pipeline.php(209): Illuminate/Foundation/Http/Middleware/TrimStrings->handle()
#18 C:/Users/kk867/Downloads/Guised Up/Guised Up/backend/laravel/vendor/laravel/framework/src/Illuminate/Http/Middleware/ValidatePostSize.php(27): Illuminate/Pipeline/Pipeline->{closure:{closure:Illuminate/Pipeline/Pipeline::carry():184}:185}()
#19 C:/Users/kk867/Downloads/Guised Up/Guised Up/backend/laravel/vendor/laravel/framework/src/Illuminate/Pipeline/Pipeline.php(209): Illuminate/Http/Middleware/ValidatePostSize->handle()
#20 C:/Users/kk867/Downloads/Guised Up/Guised Up/backend/laravel/vendor/laravel/framework/src/Illuminate/Foundation/Http/Middleware/PreventRequestsDuringMaintenance.php(110): Illuminate/Pipeline/Pipeline->{closure:{closure:Illuminate/Pipeline/Pipeline::carry():184}:185}()
#21 C:/Users/kk867/Downloads/Guised Up/Guised Up/backend/laravel/vendor/laravel/framework/src/Illuminate/Pipeline/Pipeline.php(209): Illuminate/Foundation/Http/Middleware/PreventRequestsDuringMaintenance->handle()
#22 C:/Users/kk867/Downloads/Guised Up/Guised Up/backend/laravel/vendor/laravel/framework/src/Illuminate/Http/Middleware/HandleCors.php(62): Illuminate/Pipeline/Pipeline->{closure:{closure:Illuminate/Pipeline/Pipeline::carry():184}:185}()
#23 C:/Users/kk867/Downloads/Guised Up/Guised Up/backend/laravel/vendor/laravel/framework/src/Illuminate/Pipeline/Pipeline.php(209): Illuminate/Http/Middleware/HandleCors->handle()
#24 C:/Users/kk867/Downloads/Guised Up/Guised Up/backend/laravel/vendor/laravel/framework/src/Illuminate/Http/Middleware/TrustProxies.php(58): Illuminate/Pipeline/Pipeline->{closure:{closure:Illuminate/Pipeline/Pipeline::carry():184}:185}()
#25 C:/Users/kk867/Downloads/Guised Up/Guised Up/backend/laravel/vendor/laravel/framework/src/Illuminate/Pipeline/Pipeline.php(209): Illuminate/Http/Middleware/TrustProxies->handle()
#26 C:/Users/kk867/Downloads/Guised Up/Guised Up/backend/laravel/vendor/laravel/framework/src/Illuminate/Foundation/Http/Middleware/InvokeDeferredCallbacks.php(22): Illuminate/Pipeline/Pipeline->{closure:{closure:Illuminate/Pipeline/Pipeline::carry():184}:185}()
#27 C:/Users/kk867/Downloads/Guised Up/Guised Up/backend/laravel/vendor/laravel/framework/src/Illuminate/Pipeline/Pipeline.php(209): Illuminate/Foundation/Http/Middleware/InvokeDeferredCallbacks->handle()
#28 C:/Users/kk867/Downloads/Guised Up/Guised Up/backend/laravel/vendor/laravel/framework/src/Illuminate/Pipeline/Pipeline.php(127): Illuminate/Pipeline/Pipeline->{closure:{closure:Illuminate/Pipeline/Pipeline::carry():184}:185}()
#29 C:/Users/kk867/Downloads/Guised Up/Guised Up/backend/laravel/vendor/laravel/framework/src/Illuminate/Foundation/Http/Kernel.php(176): Illuminate/Pipeline/Pipeline->then()
#30 C:/Users/kk867/Downloads/Guised Up/Guised Up/backend/laravel/vendor/laravel/framework/src/Illuminate/Foundation/Http/Kernel.php(145): Illuminate/Foundation/Http/Kernel->sendRequestThroughRouter()
#31 C:/Users/kk867/Downloads/Guised Up/Guised Up/backend/laravel/public/index.php(10): Illuminate/Foundation/Http/Kernel->handle()
#32 C:/Users/kk867/Downloads/Guised Up/Guised Up/backend/laravel/vendor/laravel/framework/src/Illuminate/Foundation/resources/server.php(23): require_once('...')
#33 {main}
"} 
